-- MySQL dump 10.13  Distrib 5.5.40, for debian-linux-gnu (i686)
--
-- Host: localhost    Database: movies
-- ------------------------------------------------------
-- Server version	5.5.40-0ubuntu0.12.04.1

/*!40101 SET @OLD_CHARACTER_SET_CLIENT=@@CHARACTER_SET_CLIENT */;
/*!40101 SET @OLD_CHARACTER_SET_RESULTS=@@CHARACTER_SET_RESULTS */;
/*!40101 SET @OLD_COLLATION_CONNECTION=@@COLLATION_CONNECTION */;
/*!40101 SET NAMES utf8 */;
/*!40103 SET @OLD_TIME_ZONE=@@TIME_ZONE */;
/*!40103 SET TIME_ZONE='+00:00' */;
/*!40014 SET @OLD_UNIQUE_CHECKS=@@UNIQUE_CHECKS, UNIQUE_CHECKS=0 */;
/*!40014 SET @OLD_FOREIGN_KEY_CHECKS=@@FOREIGN_KEY_CHECKS, FOREIGN_KEY_CHECKS=0 */;
/*!40101 SET @OLD_SQL_MODE=@@SQL_MODE, SQL_MODE='NO_AUTO_VALUE_ON_ZERO' */;
/*!40111 SET @OLD_SQL_NOTES=@@SQL_NOTES, SQL_NOTES=0 */;

--
-- Table structure for table `comment`
--

DROP TABLE IF EXISTS `comment`;
/*!40101 SET @saved_cs_client     = @@character_set_client */;
/*!40101 SET character_set_client = utf8 */;
CREATE TABLE `comment` (
  `id` int(11) NOT NULL AUTO_INCREMENT,
  `post_id` int(11) DEFAULT NULL,
  `person_id` int(11) DEFAULT NULL,
  `date_time` datetime DEFAULT NULL,
  `message` varchar(500) DEFAULT NULL,
  `like_count` int(11) DEFAULT NULL,
  `fb_id` varchar(45) DEFAULT NULL,
  PRIMARY KEY (`id`)
) ENGINE=InnoDB AUTO_INCREMENT=77 DEFAULT CHARSET=utf8;
/*!40101 SET character_set_client = @saved_cs_client */;

--
-- Dumping data for table `comment`
--

LOCK TABLES `comment` WRITE;
/*!40000 ALTER TABLE `comment` DISABLE KEYS */;
INSERT INTO `comment` VALUES (1,1,15,'2015-01-09 16:34:03','Original not yet released na ???',1,'593966170704660'),(2,1,13,'2015-01-09 16:53:05','Outstanding movie....',1,'593983574036253'),(3,1,8,'2015-01-09 18:58:03','Waiting for the english version in the nearby theater. Just an aside, why is a heroine needed in this movie ;)',1,'594018217366122'),(4,1,8,'2015-01-09 19:03:03','Another conspiracy theory I heard yesterday from my friend: apparently the apple logo (a byte taken out of the apple) is inspired from the poisoned apple that was taken by Turing for his suicide.',1,'594019280699349'),(5,1,2,'2015-01-10 06:06:03','Is it released here?',1,'594166940684583'),(6,3,28,'2015-01-07 05:44:02','സൂപ്പർ മൂവി , കമലും മാധവനും മത്സരിച്ചു അഭിനയിച്ചു എന്ന് തോന്നും ......... <3',2,'592953567472587'),(7,3,20,'2015-01-07 07:42:03','(y) \nenkilum Kamal thanneyaayirunnu super....',1,'592974437470500'),(8,3,28,'2015-01-07 13:32:04','കമൽ പണ്ടേ പുലിയാണെന്ന് നമുക്കറിയാമല്ലോ, പക്ഷെ മാധവനെ സംബന്ധിച്ച് ഇത്രയേറെ പെര്ഫോം ചെയ്ത പടം ഉണ്ടോ എന്നറിയില്ല !!',1,'593072787460665'),(9,3,32,'2015-01-08 14:34:05','more than 20 times kandittundu...thamizh sherikkum padichathu  ithu kandaanu :)',2,'593486550752622'),(10,3,21,'2015-01-09 19:16:01','awesome film....oru 50 times akilum,,,kandukannum,,',1,'594022044032406'),(11,4,18,'2015-01-09 17:47:05','Shaheer bhai ee padam kitanenentha vazhi',0,'594000897367854'),(12,5,19,'2015-01-09 16:52:00','dear admin,',1,'593983054036305'),(13,5,19,'2015-01-09 16:53:02','pls dispaly 2,3 films per week that will help to the members for use this details',1,'593983380702939'),(14,8,23,'2015-01-09 02:47:03','kidu movie.. (y)',0,'593674294067181'),(15,8,50,'2015-01-09 11:06:05','A underratd sci fi mvi.... ithu hollywoodil ninnum release ayirunenkil Kuduthal publicity kittumayirunnu.....',0,'593864990714778'),(16,9,2,'2015-01-09 02:29:03','One of the best bio pic ever. . .',1,'593670564067554'),(17,11,23,'2015-01-07 11:46:00','https://kickass.so/the-equalizer-2014-1080p-bluray-x264-anoxmous-t9975893.html',1,'593034137464530'),(18,11,23,'2015-01-07 11:47:00','https://kickass.so/into-the-wild-2007-1080p-brrip-x264-yify-t9592700.html',1,'593034490797828'),(19,11,64,'2015-01-08 09:36:00','Into the Wild ഞാൻ കണ്ടു നല്ലൊരു ട്രാവലിംഗ് മൂവി ആണ് എനിക്ക് അത് അന്നേ ഇഷ്ട്ട പെട്ട മൂവി ആണ് പലരോടും ഞാൻ കാണാനും പറഞ്ഞു',2,'593376840763593'),(20,12,73,'2015-01-08 04:20:00','worth a watch.',1,'593310370770240'),(21,12,71,'2015-01-08 04:57:05','Good movie!  There are so many confusing moments...',1,'593320480769229'),(22,13,86,'2015-01-07 02:06:02','Why you are writing the whole story of movies in the name of \"review\"? We have wikipedia for information.',0,'592894824145128'),(23,13,1,'2015-01-07 04:12:04','Arun Nura Thanks for your suggestion and I will do as u asked next time and Sorry if u felt that this was the full story!!!',2,'592934424141168'),(24,13,86,'2015-01-07 05:57:01','I know, u are doing the same in ur life...disgusting, nauseating worthless explanations...keep it up and turn ur ass against flux of images....u will be a malayali critic /reviewer...',0,'592955464139064'),(25,13,1,'2015-01-07 06:13:02','Arun Nura.. Wat?? Why r u being so harsh?? What had I done wtong??  Mukesh Joshi.. Whats with him?? This guy is irritating as hell..',1,'592957964138814'),(26,13,86,'2015-01-07 06:26:00','What an excuse...if u dnt want me to read ur sheit, why u are puting it in a public space..? ...try to add some profanity in ur review...it might be worth reading than these stuff..',0,'592959467471997'),(27,13,1,'2015-01-07 06:27:05','Arun Nura എന്താണ്തന്റെ പ്രശ്നം??ഇതില്‍കഥമുഴുവനുംഎവിടെആണ്പറഞ്ഞിരിക്കുന്നത്??ആദ്യസീനില്‍തന്നെഈസിനിമയുടെകഥമനസ്സിലാക്കാവുന്നതാണ്...വെറുതെഅലമ്ബാക്കാതെഭായ്!!',2,'592959740805303'),(28,13,1,'2015-01-07 06:28:00','Arun Nura എന്താണ്തന്റെ പ്രശ്നം??ഇതില്‍കഥമുഴുവനുംഎവിടെആണ്പറഞ്ഞിരിക്കുന്നത്??ആദ്യസീനില്‍തന്നെഈസിനിമയുടെകഥമനസ്സിലാക്കാവുന്നതാണ്...വെറുതെഅലമ്ബാക്കാതെഭായ്!!',1,'592959764138634'),(29,13,1,'2015-01-07 06:30:05','Arun Nura  .. ഞാന്‍  ആദ്യമായാണ്‌ ഇങ്ങനെ കേള്‍ക്കുന്നത്...ഇതിലും  കൂടുതല്‍ ഉണ്ട് കഥ....268 റിവ്യൂസ്‌ആയി....ആരും ഇങ്ങനെ  പറഞ്ഞു കേട്ടിട്ടില്ല...പിന്നെ  ഇതിന്റെ പേരില്‍ ചുമ്മാ ചൊറിയാന്‍  ആണെങ്കില്‍  ഞാനും ഉണ്ട്....അല്ലെങ്കില്‍..പ്ലീസ്...വേറെ വഴിയില്‍ പോകാമല്ലോ...',2,'592960154138595'),(30,13,10,'2015-01-07 06:31:03','Arun Nura: Please be gentle. None of us ever felt that Rakesh Manoharan is writing the complete story. Where in this review is the complete story? If you don\'t like it, you can ignore it or leave the group.',3,'592960270805250'),(31,13,19,'2015-01-07 16:16:04','noits good ,,,.',0,'593132177454726'),(32,13,86,'2015-01-07 16:31:03','268 reviews!!! Amazing...good luck for more rewriting, not reviewing',0,'593136377454306'),(33,13,1,'2015-01-07 17:19:03','Arun Nura.. Namichu sir…',1,'593148274119783'),(34,13,87,'2015-01-07 19:03:03','Rakesh Manoharan engane ezhuthanam ennath ningalude soukaryam anu.\nathine chodhyam cheyyan ivanara.',1,'593175537450390'),(35,13,76,'2015-01-07 19:13:04','(y)',1,'593177797450164'),(36,13,76,'2015-01-07 19:16:00','Evde poyalum choriyan kure ennamundallo :( ... Whats to do ??',1,'593178444116766'),(37,17,28,'2015-01-05 05:44:04','',1,'592182747549669'),(38,17,28,'2015-01-05 05:44:05','',0,'592182774216333'),(39,17,99,'2015-01-05 05:59:05','Good Film...Got inspiration to some indian films',1,'592185780882699'),(40,17,100,'2015-01-07 13:29:05','Similar to \'The vow\'',1,'593072070794070'),(41,19,24,'2015-01-06 07:43:02','kidilan cinema...hachi polichitundu...;-0',1,'592591697508774'),(42,19,65,'2015-01-06 07:49:01','Njan karanju poya Oru cinema !!! pattiyude acting is better than many actors of Hollywood and bollywood! :-D',0,'592592637508680'),(43,19,118,'2015-01-06 07:53:04','Njn knditundu..climx ethumbol shariku feel avum',1,'592593247508619'),(44,19,28,'2015-01-06 10:04:02','അവർണനീയം ഈ ദ്രിശ്യ വിസ്മയം ...സത്യം,...\nഈ സിനിമ ഇന്നലെ കണ്ടതെ ഉള്ളു, ശെരിക്കും കരഞ്ഞു പോയി .....\nഇത് നടന്ന സംഭവത്തെ ആസ്പദമാക്കിയുള്ള സിനിമയല്ലേ ..\nഡോഗിന്റെ പെർഫോമൻസ് അപാരം തന്നെ, Simple & Beautiful Direction  !! <3 <3 <3',1,'592622744172336'),(45,19,119,'2015-01-06 12:21:01','recommends Red Dog       http://www.imdb.com/title/tt0803061/?ref_=nv_sr_1',2,'592660570835220'),(46,19,63,'2015-01-06 17:07:02','കണ്ട് കരഞ്ഞു പോയ സിനിമ...  <3',1,'592754577492486'),(47,19,23,'2015-01-07 11:05:01','കിടു സിനിമ  <3',0,'593023847465559'),(48,20,128,'2015-01-06 19:08:02','i suggest you to watch omg... oh my god too',1,'592783217489622'),(49,22,28,'2015-01-03 10:22:04','നൈസ് മൂവി...\nനമ്മൾ മലയാളികളുടെ ഒരു രീതി നോക്കണേ....\nഇത്തരം ഒരു ക്ലാസ്സിക്‌ ചിത്രം കേരളത്തിൽ റിലീസിന് ഒരുങ്ങിയപ്പോൾ \nപോസ്ടരുകളിലെ പരസ്യ വാചകം ഇങ്ങനെ ആയിരുന്നു \" ഹോളീവുഡിലെ  രതി ചേച്ചിയും പപ്പുവും \"....\nചില  തെലുങ്ക് ചിത്രങ്ങൾ മലയാളത്തിൽ ടബ്പ് ചെയ്തു റിലീസ് ആകുമ്പോൾ കഥ \nമറ്റൊന്ന്, നായകൻറെ ഫോട്ടോ വളരെ ചെറുതാക്കി വെറുമൊരു പാട്ട് സീനിൽ വന്നു \nപോകുന്ന ഐറ്റം ഡാൻസറുടെയും നായികയുടെയും ചിത്രം വലുതാക്കി ഒരു തലക്കെട്ടും \n\"കേരളത്തെ ഇളക്കിമറിക്കാൻ ഗ്ലാമർ വിസ്മയവുമായി \"',9,'590885737679370'),(50,22,78,'2015-01-03 15:45:02','മലയാളിയുടെ കപട സദാചാരം പോസ്റെരിലൂടെ അറിയിച്ചതാവും .അന്താരാഷ്ട്ര നിലവാരത്തിലുള്ള ടൈറ്റാനിക്  3d യില്‍ഇറങ്ങിയപ്പോള്‍ ചിത്രംവരയ്ക്കുന്ന സീന്‍ ത്രീടിയില്‍ കാനമെടാ ന്നു പറഞ്ഞവരാ കൂടുതല്‍',2,'591003157667628'),(51,22,97,'2015-01-03 16:21:02','superb movie :) nyc story :)',1,'591016104333000'),(52,22,24,'2015-01-03 18:23:01','malayalathil mohanlal cheythathu compare cheythaal....ithu verum oru (A) certifiacte film matram....as a malayalii,nalla etrayoo films aarum charcha cheyyaathe innum pinnil nilkunnu....ithu valiya sambavam onnum allaa.....but not a bad one also..',0,'591111424323468'),(53,22,119,'2015-01-04 01:48:05','It is based on a German Novel....once I hear MT mentioning abt this novel..in one of his speeches,,,,',1,'591360654298545'),(54,22,144,'2015-01-06 04:54:01','Good Movie...... especialy story',1,'592557374178873'),(55,22,3,'2015-01-06 13:00:04','Kate nte asamanya prakadanam. Prayathe velluna abhinaya padavam ethil kanam shareera bhasha prathykichum eduthu prayendathanu',1,'592676230833654'),(56,25,63,'2015-01-04 07:33:05','Leonardo Dicaprio <3',1,'591438210957456'),(57,25,95,'2015-01-05 09:52:02','Don\'t laugh if am not making sense...:(.. but does it have any similarity with our own \"kalikkalam\"..??',0,'592237890877488'),(58,26,157,'2015-01-04 15:08:04','Dawn of apes is also a awesome film.',1,'591699030931374'),(59,26,28,'2015-01-05 05:31:00','Ashish Jose Ambat I Watched it!! Nice Movie..',0,'592178300883447'),(60,28,44,'2015-01-02 17:08:05','shaheer  bai  pls  help  i dwnloded the  dark vally german   i  need  english  sub  link .i searched  a  lot  but  didnt  get  plssss  help',0,'590430411058236'),(61,28,15,'2015-01-04 12:18:00','Predictable ending. But the way they took the movie made it worth watching.',1,'591603527607591'),(62,29,170,'2015-01-04 07:53:04','Arun Thampi   Vipin Raj  Sreeram Krishnan Rahul Kr     Watch this nice aanu :D',2,'591441344290476'),(63,30,28,'2015-01-04 05:49:05','കഥ കേട്ടിട്ട് murder 2 സിനിമ ഓർമ വന്നുവല്ലോ, കണ്ടിട്ടുണ്ടോ Murder 2??',1,'591416230959654'),(64,30,89,'2015-01-04 07:10:01','no ...murder 1st kandittund',1,'591434197624524'),(65,30,28,'2015-01-04 07:39:01','Same ... But Murder 2 is just Superb!!',0,'591439094290701'),(66,31,118,'2015-01-04 04:40:01','Songs also gd',1,'591400417627902'),(67,34,160,'2015-01-03 04:47:03','nalla cinema',0,'590811227686821'),(68,35,163,'2015-01-01 05:35:01','njan paranjallo ellarkkum ishtapedanam ennilla...athanu david fincher style',1,'589320691169208'),(69,35,191,'2015-01-01 06:45:03','climax ...atra bodichilla...',1,'589337397834204'),(70,35,192,'2015-01-02 20:30:00','outstanding movie, climax is not like conventional movies we seen on our early day, that make that real close to real situation, david fincher is always the best storyteller, who always like to narrate you the story through visuals and orals',0,'590502751051002'),(71,38,119,'2015-01-02 09:03:03','IDA will be a strong opposition for Leviathan for this years Oscar for best foreign film..',0,'590142541087023'),(72,38,112,'2015-01-02 09:22:03','Probably Leviathan will win it .. as it has all the ingredients. . IDA is basically a \"small\" movie',1,'590178577750086'),(73,38,196,'2015-01-02 10:15:02','This year it will be CORN ISLAND',1,'590224034412207'),(74,43,45,'2015-01-01 06:18:00','ലിങ്കും കൂടി ഇട് :)',0,'589330764501534'),(75,2,1,'2015-01-10 10:12:01','(y)',1,'594218220679455'),(76,6,18,'2015-01-10 09:05:04','A wild crazy movie..',1,'594205444014066');
/*!40000 ALTER TABLE `comment` ENABLE KEYS */;
UNLOCK TABLES;

--
-- Table structure for table `fb_like`
--

DROP TABLE IF EXISTS `fb_like`;
/*!40101 SET @saved_cs_client     = @@character_set_client */;
/*!40101 SET character_set_client = utf8 */;
CREATE TABLE `fb_like` (
  `id` int(11) NOT NULL AUTO_INCREMENT,
  `post_id` int(11) DEFAULT NULL,
  `person_id` int(11) DEFAULT NULL,
  PRIMARY KEY (`id`)
) ENGINE=InnoDB AUTO_INCREMENT=472 DEFAULT CHARSET=utf8;
/*!40101 SET character_set_client = @saved_cs_client */;

--
-- Dumping data for table `fb_like`
--

LOCK TABLES `fb_like` WRITE;
/*!40000 ALTER TABLE `fb_like` DISABLE KEYS */;
INSERT INTO `fb_like` VALUES (1,1,2),(2,1,3),(3,1,4),(4,1,5),(5,1,6),(6,1,7),(7,1,8),(8,1,9),(9,1,10),(10,1,11),(11,1,12),(12,1,13),(13,1,14),(14,1,15),(15,1,16),(16,1,17),(17,2,19),(18,3,21),(19,3,22),(20,3,23),(21,3,24),(22,3,25),(23,3,26),(24,3,27),(25,3,10),(26,3,28),(27,3,29),(28,3,30),(29,3,31),(30,4,34),(31,4,3),(32,4,35),(33,4,36),(34,4,37),(35,4,38),(36,4,39),(37,4,18),(38,4,10),(39,4,40),(40,4,1),(41,5,41),(42,5,35),(43,5,10),(44,5,12),(45,5,19),(46,5,42),(47,5,43),(48,5,44),(49,6,2),(50,6,45),(51,6,37),(52,6,10),(53,6,46),(54,6,42),(55,6,19),(56,7,2),(57,7,10),(58,8,49),(59,8,2),(60,8,17),(61,8,50),(62,8,28),(63,8,22),(64,8,51),(65,8,52),(66,8,23),(67,8,53),(68,8,54),(69,8,10),(70,8,55),(71,9,57),(72,9,22),(73,9,58),(74,9,2),(75,9,59),(76,9,60),(77,10,28),(78,10,22),(79,10,54),(80,10,10),(81,10,61),(82,11,28),(83,11,22),(84,11,10),(85,11,62),(86,11,12),(87,11,63),(88,11,25),(89,11,61),(90,12,66),(91,12,28),(92,12,22),(93,12,67),(94,12,68),(95,12,69),(96,12,10),(97,12,3),(98,12,23),(99,12,61),(100,12,70),(101,12,71),(102,12,1),(103,12,72),(104,12,73),(105,13,74),(106,13,22),(107,13,60),(108,13,62),(109,13,75),(110,13,37),(111,13,76),(112,13,77),(113,13,78),(114,13,19),(115,13,79),(116,13,10),(117,13,80),(118,13,81),(119,13,82),(120,13,83),(121,13,33),(122,13,43),(123,13,84),(124,13,85),(125,14,3),(126,14,37),(127,14,33),(128,14,61),(129,15,88),(130,15,15),(131,15,28),(132,15,54),(133,15,62),(134,15,89),(135,15,50),(136,15,90),(137,15,12),(138,15,61),(139,15,60),(140,15,78),(141,15,10),(142,16,28),(143,16,62),(144,16,12),(145,16,61),(146,16,10),(147,16,91),(148,17,22),(149,17,10),(150,17,29),(151,17,92),(152,17,89),(153,17,93),(154,17,94),(155,17,61),(156,17,95),(157,17,78),(158,17,96),(159,17,97),(160,17,98),(161,17,99),(162,18,22),(163,18,10),(164,18,61),(165,19,101),(166,19,102),(167,19,23),(168,19,51),(169,19,103),(170,19,104),(171,19,29),(172,19,105),(173,19,2),(174,19,106),(175,19,93),(176,19,63),(177,19,107),(178,19,108),(179,19,109),(180,19,3),(181,19,110),(182,19,111),(183,19,112),(184,19,113),(185,19,114),(186,19,115),(187,19,116),(188,19,28),(189,19,117),(190,20,120),(191,20,121),(192,20,95),(193,20,29),(194,20,89),(195,20,122),(196,20,123),(197,20,124),(198,20,125),(199,20,104),(200,20,126),(201,20,127),(202,20,63),(203,20,61),(204,20,1),(205,20,28),(206,20,10),(207,21,130),(208,21,12),(209,21,131),(210,21,127),(211,22,31),(212,22,3),(213,22,132),(214,22,114),(215,22,133),(216,22,113),(217,22,37),(218,22,134),(219,22,63),(220,22,42),(221,22,135),(222,22,104),(223,22,136),(224,22,137),(225,22,138),(226,22,139),(227,22,140),(228,22,76),(229,22,117),(230,22,89),(231,22,141),(232,22,28),(233,22,115),(234,22,142),(235,22,143),(236,23,127),(237,23,12),(238,23,145),(239,23,146),(240,23,18),(241,23,8),(242,23,43),(243,23,61),(244,23,28),(245,23,132),(246,24,148),(247,24,28),(248,25,149),(249,25,150),(250,25,114),(251,25,2),(252,25,95),(253,25,151),(254,25,117),(255,25,97),(256,25,28),(257,25,63),(258,25,89),(259,25,10),(260,25,152),(261,26,29),(262,26,63),(263,26,153),(264,26,154),(265,26,155),(266,26,156),(267,26,136),(268,26,46),(269,26,95),(270,27,153),(271,27,8),(272,27,82),(273,27,43),(274,27,158),(275,28,28),(276,28,153),(277,28,15),(278,28,159),(279,28,89),(280,28,160),(281,28,8),(282,28,117),(283,28,18),(284,28,3),(285,28,161),(286,28,162),(287,29,132),(288,29,164),(289,29,37),(290,29,165),(291,29,125),(292,29,156),(293,29,17),(294,29,2),(295,29,166),(296,29,8),(297,29,138),(298,29,167),(299,29,163),(300,29,10),(301,29,168),(302,29,63),(303,29,169),(304,29,28),(305,30,132),(306,30,153),(307,30,10),(308,30,8),(309,30,95),(310,30,28),(311,30,119),(312,31,171),(313,31,29),(314,31,172),(315,31,5),(316,31,118),(317,31,173),(318,31,174),(319,31,60),(320,31,136),(321,31,175),(322,31,176),(323,31,89),(324,31,170),(325,31,46),(326,31,85),(327,31,95),(328,32,1),(329,32,177),(330,32,129),(331,32,153),(332,32,60),(333,32,28),(334,32,119),(335,33,178),(336,33,94),(337,33,8),(338,33,136),(339,33,10),(340,34,10),(341,34,179),(342,34,28),(343,34,160),(344,34,162),(345,34,161),(346,34,3),(347,34,16),(348,34,180),(349,34,181),(350,35,132),(351,35,182),(352,35,28),(353,35,89),(354,35,168),(355,35,183),(356,35,63),(357,35,10),(358,35,112),(359,35,184),(360,35,185),(361,35,37),(362,35,56),(363,35,16),(364,35,186),(365,35,187),(366,35,143),(367,35,160),(368,35,188),(369,35,65),(370,35,163),(371,35,60),(372,35,189),(373,35,61),(374,35,190),(375,36,28),(376,36,136),(377,37,121),(378,37,94),(379,37,193),(380,37,194),(381,37,136),(382,37,28),(383,37,18),(384,37,195),(385,38,161),(386,38,28),(387,38,196),(388,38,17),(389,38,119),(390,38,89),(391,38,10),(392,38,12),(393,38,197),(394,38,61),(395,38,65),(396,38,151),(397,39,161),(398,39,160),(399,39,198),(400,39,28),(401,39,33),(402,39,10),(403,39,199),(404,39,89),(405,40,200),(406,40,201),(407,40,10),(408,40,18),(409,40,55),(410,40,158),(411,40,163),(412,40,89),(413,41,28),(414,41,10),(415,41,161),(416,41,61),(417,42,28),(418,42,10),(419,42,18),(420,42,61),(421,42,163),(422,42,112),(423,43,63),(424,43,61),(425,44,93),(426,44,109),(427,44,201),(428,44,63),(429,44,10),(430,44,12),(431,44,112),(432,44,202),(433,44,49),(434,44,65),(435,44,203),(436,44,204),(437,44,205),(438,44,2),(439,44,60),(440,2,160),(441,2,1),(442,6,54),(443,6,18),(444,1,206),(445,4,54),(446,4,207),(447,9,181),(448,11,181),(449,16,181),(450,19,208),(451,32,209),(452,2,3),(453,45,211),(454,45,61),(455,2,61),(456,2,212),(457,6,211),(458,6,212),(459,6,161),(460,1,201),(461,1,82),(462,3,68),(463,4,201),(464,4,68),(465,4,70),(466,5,201),(467,7,213),(468,8,211),(469,8,214),(470,9,211),(471,15,41);
/*!40000 ALTER TABLE `fb_like` ENABLE KEYS */;
UNLOCK TABLES;

--
-- Table structure for table `movie`
--

DROP TABLE IF EXISTS `movie`;
/*!40101 SET @saved_cs_client     = @@character_set_client */;
/*!40101 SET character_set_client = utf8 */;
CREATE TABLE `movie` (
  `id` int(11) NOT NULL AUTO_INCREMENT,
  `name` varchar(45) DEFAULT NULL,
  `director` varchar(45) DEFAULT NULL,
  `year` int(11) DEFAULT NULL,
  `language` varchar(45) DEFAULT NULL,
  `country` varchar(45) DEFAULT NULL,
  PRIMARY KEY (`id`)
) ENGINE=InnoDB AUTO_INCREMENT=1001 DEFAULT CHARSET=utf8;
/*!40101 SET character_set_client = @saved_cs_client */;

--
-- Dumping data for table `movie`
--

LOCK TABLES `movie` WRITE;
/*!40000 ALTER TABLE `movie` DISABLE KEYS */;
INSERT INTO `movie` VALUES (1,'V for Vendetta','James McTeigue',2006,'English','USA'),(2,'The Imitation Game','Morten Tyldum',2014,'English','USA'),(3,'Goodbye First Love','Mia Hansen-Løve',2011,'French','France'),(4,'Av mevsimi','Yavuz Turgul',2010,'Turkish','Turkey'),(5,'Whiplash','Damien Chazelle',2014,'English','USA'),(6,'The Others','Alejandro Amenábar',2001,'English','USA'),(7,'Predestination','The Spierig Brothers',2014,'English','Australia'),(8,'I Saw the Devil','Kim Jee-woon',2010,'Korean','South Korea'),(9,'The Equalizer','Antoine Fuqua',2014,'English','USA'),(10,'Coherence','James Ward Byrkit',2013,'English','USA'),(11,'The Fly','David Cronenberg',1986,'English','USA'),(12,'Into the Wild','Sean Penn',2007,'English','USA'),(13,'Chotushkone','Srijit Mukherji',2014,'Bengali','India'),(14,'Sex, Lies, and Videotape','Steven Soderbergh',1989,'English','USA'),(15,'50 First Dates','Peter Segal',2004,'English','USA'),(16,'Seinfeld',NULL,1989,'English','USA'),(17,'Hachi: A Dog\'s Tale','Lasse Hallström',2009,'English','USA'),(18,'PK','Rajkumar Hirani',2014,'Hindi','India'),(19,'Road to Perdition','Sam Mendes',2002,'English','USA'),(20,'The Reader','Stephen Daldry',2008,'English','USA'),(21,'Los sin nombre','Jaume Balagueró',1999,'Spanish','Spain'),(22,'No One\'s Child','Vuk Rsumovic',2014,'Serbian','Serbia'),(23,'Catch Me If You Can','Steven Spielberg',2002,'English','USA'),(24,'Rise of the Planet of the Apes','Rupert Wyatt',2011,'English','USA'),(25,'Poker Night','Greg Francis',2014,'English','Canada'),(26,'Hunting Season','Jon Marcus',2012,'English','USA'),(27,'Tucker & Dale vs Evil','Eli Craig',2010,'English','Canada'),(28,'The Chaser','Hong-jin Na',2008,'Korean','South Korea'),(29,'Bhaag Milkha Bhaag','Rakeysh Omprakash Mehra',2013,'Hindi','India'),(30,'Tangerines','Zaza Urushadze',2013,'Estonian','Estonia'),(31,'Dirty Pretty Things','Stephen Frears',2002,'English','UK'),(32,'Gone Girl','David Fincher',2014,'English','USA'),(33,'Stations of the Cross','Dietrich Brüggemann',2014,'German','Germany'),(34,'Alif','N.K.Muhammed Koya',2014,'Malayalam','India'),(35,'Ida','Pawel Pawlikowski',2013,'Polish','Poland'),(36,'In the Mood for Love','Kar Wai Wong',2000,'Cantonnese','Hong Kong'),(37,'Dr. Cabbie','Jean-François Pouliot',2014,'English','Canada'),(38,'The Way Back','Peter Weir',2010,'English','USA'),(1000,'GENERAL',NULL,NULL,NULL,NULL);
/*!40000 ALTER TABLE `movie` ENABLE KEYS */;
UNLOCK TABLES;

--
-- Table structure for table `person`
--

DROP TABLE IF EXISTS `person`;
/*!40101 SET @saved_cs_client     = @@character_set_client */;
/*!40101 SET character_set_client = utf8 */;
CREATE TABLE `person` (
  `id` int(11) NOT NULL AUTO_INCREMENT,
  `name` varchar(600) DEFAULT NULL,
  `fb_id` varchar(100) DEFAULT NULL,
  PRIMARY KEY (`id`)
) ENGINE=InnoDB AUTO_INCREMENT=215 DEFAULT CHARSET=utf8;
/*!40101 SET character_set_client = @saved_cs_client */;

--
-- Dumping data for table `person`
--

LOCK TABLES `person` WRITE;
/*!40000 ALTER TABLE `person` DISABLE KEYS */;
INSERT INTO `person` VALUES (1,'Rakesh Manoharan','530373487104212'),(2,'Akshay Deva','798949203513769'),(3,'Tinu Jacob','710456382395273'),(4,'സനീഷ് കിള്ളികുളങ്ങര','739976062760917'),(5,'Jobin Abraham Melemalayil','715025888592827'),(6,'Deepeshadv Vasudevan','854397734623788'),(7,'Vishnu Chandran','929040240480609'),(8,'Unnikrishnan Rajan','10152619358336305'),(9,'Akhil KS','1031410230219390'),(10,'Mukesh Joshi','10204928864075179'),(11,'Abu Iype','10204917821859279'),(12,'Nikhil Augustine','1522302844714793'),(13,'Basheer Hamza','10205584040027878'),(14,'James Augustine','1003420969673652'),(15,'Vishnu Vijay','10202226844911790'),(16,'Shafeeq Venniyur','741332055960983'),(17,'Deepu Sadasivan','860279403992571'),(18,'Jithesh Azad','625623630874793'),(19,'Shafeek Pa','755165614578484'),(20,'Vipin JI Elanthoor','589764077823146'),(21,'Sanal Vs','781029675306194'),(22,'Bichu David','727672980661375'),(23,'فواد ألى','749528795115432'),(24,'Arun Gopi','562214360582008'),(25,'Athul MG','626735230771637'),(26,'Vinod Kailas','751794234906781'),(27,'Sari Sni','746694552094295'),(28,'Muneer K B Munna','803899413010469'),(29,'Frony Francis','430937163727049'),(30,'Suved Madathodi','757355337689316'),(31,'Abhijith K K Abj','1548057118778883'),(32,'Harishankar KR','783303091741482'),(33,'Shaheer Cholassery','1073794429312857'),(34,'Jinesh PS','10152639566178977'),(35,'Noufal Knply','947226445288677'),(36,'Esha Reshu','600009686811505'),(37,'Raj Kumar','804452309628611'),(38,'Mahesh Hari','396889013809577'),(39,'Shalu Rk Calicut','1566583470225626'),(40,'Shuaib Chaliyam','1043514385663702'),(41,'Abhilash Paul','10205569405022788'),(42,'Our Caroline','380956205415570'),(43,'Sheha Vahab','707450242685634'),(44,'Pirash Nithyanandan','837101866349444'),(45,'Ejas Ansari','10205858007278328'),(46,'Ambuddy Ambady','838934599503532'),(47,'Sujith Kaladharan','845230172187269'),(48,'Arun J Mohan','10203482495771558'),(49,'Alex Joseph','786503561441119'),(50,'Sanil Sunder','748529875228772'),(51,'Geo Basil Paul','10204761093440048'),(52,'Muhammed Shafi Piyez','637860689674317'),(53,'Vishnu Mohan','10202838418556285'),(54,'Prem Shylesh','713523222094714'),(55,'Arjun Quicktoxic Agitator','788586641212632'),(56,'Sooraj Krishnan M','730661860374937'),(57,'Arun L Ajay','320746781468044'),(58,'Sidheeque Kp','941519969193681'),(59,'Ashish Vijay','575376992597085'),(60,'Vaisakh Mohan','10204498331154790'),(61,'Showkath Fidas','1549553455283320'),(62,'Sreekumar Raveendranpillai','338578962992323'),(63,'Akhil Paul','731520426944108'),(64,'Riyaz Khan','876482279057351'),(65,'Jobin James','10204712859238925'),(66,'Shejin Is','743416532403290'),(67,'Siyad Kayi','586896991455950'),(68,'Rajesh Narayan','913340828678255'),(69,'Jaikishan Vallyil Gopinathan','10204753015418778'),(70,'Anas Peral Patla','10205697466342202'),(71,'Rahul Ram','774688055951227'),(72,'Shihab Melattur','779738008763668'),(73,'Anjoe Paul','975538379140700'),(74,'Midhun Das K','850169275046790'),(75,'Sha Ji','1591013631133430'),(76,'ArJun AcHu','1015838688430323'),(77,'Sarath Edakkanam Sarath','625738684237963'),(78,'Sajan Puthenpurakkal','685220228243996'),(79,'സന്ദേശ് ശ് ശ് ശ്','10203453666610071'),(80,'Vivek Chandran','891786617518456'),(81,'Nidheesh Ramankutty','10202452231987057'),(82,'Praveen Prakasan','840688782640997'),(83,'Devan K Panicker','756224197779901'),(84,'Jishnu Vijayan','1081103711918487'),(85,'Garlin Vincent','845513625471799'),(86,'Arun Nura','10204140451724906'),(87,'Vishnu Ap','749634565119697'),(88,'Alan Varghese','379633448881803'),(89,'Asif KV Kotta','10204215880014543'),(90,'Neenu Chandran','858948347490581'),(91,'Jaljith O Positive','10152935213990365'),(92,'Sabari Sivam','1035854199761844'),(93,'Bibin Babu','753917761365885'),(94,'Shan John Mathew','10203201699435597'),(95,'Davood Bava','887762757967326'),(96,'AjNeev Kumar Srinivasan','10153434195659989'),(97,'Vy Sha Kh','744906585599712'),(98,'Mohanan C Kannur','751038121654147'),(99,'Ashif Ibn Azeez','10204111049949315'),(100,'Arun Balagopal','766281380132195'),(101,'Sanilesh Sivan','860870270643467'),(102,'Praveen Francis','853322844708934'),(103,'Vijesh Kr','649296728512715'),(104,'Sivin Varghese','754348071317791'),(105,'Mani Sunder','745369278873487'),(106,'Shibu S Das','10200361502676508'),(107,'PremSanker Sethumadhavan','836554899737557'),(108,'Vimal Vijai','10204786286709874'),(109,'Sruthi Mohan','759172387493961'),(110,'Venugopalan Thekkeppatt','606277502805691'),(111,'Nithin Chandran K','823101081089794'),(112,'Syam Krishnan','812609742137824'),(113,'Allwin Augustine','763181573769305'),(114,'Jerald Saju','1520218731588666'),(115,'Freddy Francis','879078395466365'),(116,'Biju Nair','719516858144709'),(117,'Sooraj Suresh','790255187714288'),(118,'Dipin Ev','828485393881402'),(119,'Sherry Mathews','10206025643944885'),(120,'Sudheesh Pachooran','351815328336151'),(121,'Venugopalan Manivigraham','794022520651162'),(122,'Suni KP','414969105332940'),(123,'Ram Ram','852432091485167'),(124,'Manesh PK','446917168793016'),(125,'Navarasa Creatives','395689913926001'),(126,'Nikhil Lalan','314376298758162'),(127,'Arun Mathew Kurian','896572243717779'),(128,'Deepak Raj','633941530045975'),(129,'Clint Thomas Muriyaickal','10204949449471253'),(130,'Ranjith Kalappurackal','1538033833138343'),(131,'Sibin Satheesan','10202452221906805'),(132,'Vahab Latheef','1686281978265187'),(133,'Manoj Kumar Kodur','790748651010813'),(134,'Jaitus Kc','829155600464375'),(135,'Raféeque Moydin','760788687336273'),(136,'Rahees CP','609713662467598'),(137,'Arun Dev','593025357465273'),(138,'Vishnu Narayanan','1511361965797540'),(139,'Sreenath Pangeel','700005770096988'),(140,'Reghu Raj','704633682986224'),(141,'Vinayak Viswanath','569680939801905'),(142,'Deepak Karimpinkalayil','839964099393072'),(143,'Arjun Vr','804994029571896'),(144,'Bibin P Krishnan','4968823354309'),(145,'Visakh NB','697850976998622'),(146,'Jomin Jose','410267972458887'),(147,'Kiran Kr','770127079746606'),(148,'Sreerag CP','644404942348819'),(149,'Prasanth Nair','887382584635004'),(150,'Mahesh Manu M','811212465609971'),(151,'Ashique Mkd','643399222432568'),(152,'Riibin Benny','651175348342299'),(153,'Rony Fredy','333603313494878'),(154,'Ajith Kumar','891193520920644'),(155,'Nikhil Deepuraj','822364387802868'),(156,'Paul George','570516906418497'),(157,'Ashish Jose Ambat','769673586449929'),(158,'Bala Subrahmanyam','858133507582009'),(159,'Marzook Mannil','10152649475759226'),(160,'Sudheesh Anchal','664103547031808'),(161,'Sreeraj Sreenivasan','578931452239482'),(162,'Rahul Thrissur','10202912892015388'),(163,'Gokul G Nair','700586793389375'),(164,'Vijith Valsan','892069857512240'),(165,'Jobu Thomas','724720280959925'),(166,'Rahul Vijayakumar','501776306626968'),(167,'Deepak T Jayachandran T','847691661960525'),(168,'Shajeer Thayyil','740401572722097'),(169,'Abdul Shukkoor','756279381124774'),(170,'Akhil G Krishnan','778463518857529'),(171,'Shabeer Shabi','830120350381506'),(172,'Pratheep Modathara','914309508580102'),(173,'Nithun Raveendranath','650876535038724'),(174,'Ravi Shankar N','10202011538128283'),(175,'Ramdas Ram','542235475879136'),(176,'Jayakrishnan Jayanandan','613425535424700'),(177,'Anand Ajayghosh','921527751205536'),(178,'Anees Rahman','844916615570380'),(179,'Sumesh Niharika','690642374385787'),(180,'Saji Kesav','986020718093237'),(181,'Dilip S Kurup','814818781918914'),(182,'Shanahas Kidharudheen','752990131459961'),(183,'Ranjith Manjeri','881118541938923'),(184,'Arjun Harikumar','598149933651058'),(185,'Jithzz Kenway','784675851615045'),(186,'Gokul NB','1026566180703137'),(187,'Anoop Pg','10204710886705091'),(188,'Söøräj VT','749760861739160'),(189,'Nithin Pt','914034381962753'),(190,'Reghu Nair','358483977665087'),(191,'Ramkumar Kr','764818490273209'),(192,'Amalraj Velayudhan','10204523298735505'),(193,'Ihsan Nasweef','725305530910851'),(194,'Vishnu Viswanath','582342295200275'),(195,'Jishar Jishar','10203296824973355'),(196,'Noble Joseph','827774403949419'),(197,'Sreerek Ashok','776274102446857'),(198,'Akshay Ravi','10201932493312737'),(199,'Santhosh K Antony','309761939221606'),(200,'Shameerali Abdurahiman','582225741909244'),(201,'Arun Varier','889591287739333'),(202,'Anoop K. Sasi','450459565108204'),(203,'Vishnu Hbs','788735657840989'),(204,'Anaz Shamzuddin','767187223374647'),(205,'Anuvind Sns','795079113887372'),(206,'श्रीराज आलक्कस्सेरी','384045945089366'),(207,'Khalid Pk','582896451811907'),(208,'Sumesh Pallipad','830572423667536'),(209,'Ajeesh Thomas','753637518058842'),(210,'Soubin Nath','900897149951052'),(211,'Shine A Positive','10204221657354399'),(212,'Hassan Kassim','10204261512510429'),(213,'Shabeer Sharaf','10205589775326011'),(214,'Fazal Rahman','10203630444621322');
/*!40000 ALTER TABLE `person` ENABLE KEYS */;
UNLOCK TABLES;

--
-- Table structure for table `post`
--

DROP TABLE IF EXISTS `post`;
/*!40101 SET @saved_cs_client     = @@character_set_client */;
/*!40101 SET character_set_client = utf8 */;
CREATE TABLE `post` (
  `id` int(11) NOT NULL AUTO_INCREMENT,
  `fb_id` varchar(45) DEFAULT NULL,
  `author_id` varchar(45) DEFAULT NULL,
  `message` varchar(10000) DEFAULT NULL,
  `language` varchar(45) DEFAULT NULL,
  `date_time` datetime DEFAULT NULL,
  `type` varchar(20) DEFAULT NULL,
  PRIMARY KEY (`id`)
) ENGINE=InnoDB AUTO_INCREMENT=46 DEFAULT CHARSET=utf8;
/*!40101 SET character_set_client = @saved_cs_client */;

--
-- Dumping data for table `post`
--

LOCK TABLES `post` WRITE;
/*!40000 ALTER TABLE `post` DISABLE KEYS */;
INSERT INTO `post` VALUES (1,'436219139812698_593950544039556','1','272.THE IMITATION GAME(ENGLISH,2014),|Biography|History|Thriller|,Dir:-Morten Tyldum,*ing:-Benedict Cumberbatch, Keira Knightley, Matthew Goode .\n\n  അലന്‍ ടൂറിംഗ് - മുന്നില്‍ ഇരിക്കുന്ന കംപ്യൂട്ടറുകളുടെ എല്ലാം പിതാവ് എന്ന് വേണമെങ്കില്‍ വിശേഷിപ്പിക്കാവുന്ന ഗണിത ശാസ്ത്ര വിദഗ്ധന്‍.രണ്ടാം ലോക മഹായുദ്ധക്കാലത്ത്‌ ഒരു പക്ഷേ ആ യുദ്ധത്തിന്‍റെ ചരിത്രം തന്നെ മാറ്റി മറിക്കാന്‍ തക്ക ശക്തിയുള്ള തന്‍റെ  തലച്ചോറ് ശാസ്ത്രത്തിനു നല്‍കിയ വിദഗ്ധന്‍.അദ്ധേഹത്തിന്റെ ജീവിത കഥ സിനിമയില്‍ ഉള്ളത് പോലെ തന്നെ ഒരു ത്രില്ലര്‍ ആയിരുന്നു പലപ്പോഴും.ആര്‍ക്കും സാധിക്കാത്ത ഒന്ന് നേടുന്ന ആരും പ്രതീക്ഷിക്കാത്ത ആള്‍ ഇല്ലേ?അതായിരുന്നു ടൂറിംഗ്.\n\n  ചിത്രം ആരംഭിക്കുന്നത് അമ്പതുകളുടെ തുടക്കത്തില്‍ ആണ്.തലേ ദിവസം രാത്രി ടൂറിംഗിന്റെ വീട്ടില്‍ കള്ളന്‍ കയറി എന്നുള്ള പരാതി അയല്‍ക്കാരന്‍ പോലീസിനു നല്‍കുന്നു.എന്നാല്‍ തനിക്കു പരാതി  ഇല്ല എന്നും ഒന്നും നഷ്ടം ആയില്ല എന്നും ആയിരുന്നു ടൂറിങ്ങിനെ സമീപിച്ച പോലീസിനു ലഭിച്ച ഉത്തരം. എന്നാല്‍ ഈ ഉത്തരം അന്വേഷണ  ഉദ്യോഗസ്ഥനെ ടൂറിംഗിന്റെ മേല്‍ സംശയം ഉണ്ടാക്കുന്നു.മുഖ്യ കാരണം ടൂറിംഗ് ആരായിരുന്നു എന്ന് ലോകം അറിഞ്ഞിരുന്നില്ല അന്ന്.കാരണം അറിയണം എങ്കില്‍ 1939 ലേക്ക് പോകണം.രണ്ടാം ലോക മഹായുദ്ധത്തില്‍ ഹിറ്റ്ലറുടെ നാസിപ്പട വികസിപ്പിച്ച അക്കാലത്തെ ഏറ്റവും മികച്ച Encrypting സംവിധാനം ആയ Enigma ബ്രിട്ടീഷ് പട്ടാളത്തിന് മേല്‍ വിനാശം വരുത്തുക ആയിരുന്നു.നേരിട്ട് യുദ്ധം ചെയ്തല്ലായിരുന്നു ആ നാശ നഷ്ടം വരുത്തിയിരുന്നത്.ആ മെഷീനില്‍ നിന്നും  വരുന്ന രഹസ്യ സന്ദേശങ്ങള്‍ ബ്രിട്ടീഷ് പട്ടാളത്തിന് ലഭിക്കുന്നുണ്ടായിരുന്നുവെങ്കിലും അത് മനസ്സിലാക്കാന്‍ പ്രാപ്തി ഉള്ള സംവിധാനങ്ങള്‍ അന്ന് ജര്‍മനിക്ക് അല്ലാതെ മറ്റൊരു രാജ്യത്തിനും ഉണ്ടായിരുന്നില്ല.\n\n ഒരു ഇന്റര്‍വ്യൂവില്‍ പങ്കെടുക്കാന്‍ ആണ് ടൂറിംഗ് അവിടെ പട്ടാള ഓഫീസില്‍ എത്തുന്നത്,എന്നാല്‍ ജര്‍മന്‍ പോലും വായിക്കാനോ സംസാരിക്കാനോ അറിയാത്ത ടൂറിംഗ് ആ ജോലിയില്‍ എങ്ങനെ മികവു പ്രകടിപ്പിക്കും എന്ന് മേലധികാരികള്‍ സംശയിക്കുന്നു.എന്നാല്‍ ഗണിത ശാസ്ത്രത്തില്‍ വിദഗ്ധന്‍ ആയ ടൂറിംഗ് മറ്റൊന്നായിരുന്നു ചിന്തിച്ചത്.ലോകത്തിന്‍റെ ഇപ്പോഴത്തെ അവസ്ഥയില്‍ എത്തിച്ചതില്‍ ടൂറിംഗ് നല്‍കിയ ധീരമായ തീരുമാനങ്ങളും കണ്ടുപിടുത്തങ്ങളും അതോടൊപ്പം ദുഷ്ക്കരം ആയി മാറിയ ജീവിതവും ഏറ്റവും അധികം വിശ്വസ്യത്തോടെ ആണ് ചിത്രത്തില്‍ അവതരിപ്പിച്ചിരിക്കുന്നത്.കൂമ്പര്‍ബാച് അലന്‍ ടൂറിംഗ് ആയി നല്ല അഭിനയം ആണ് കാഴ്ച വച്ചിരിക്കുന്നത്.ഒരു ബയോഗ്രാഫി ആയിരുന്നു എങ്കില്‍ കൂടി ജീവിതം ഇത്രയും ത്രില്ലര്‍ ആയി മാറ്റി അദ്ദേഹത്തിന്റെ സ്വഭാവങ്ങള്‍.തീര്‍ച്ചയായും കാണേണ്ട സിനിമ ആണ് The Imitation Game.\n\nMore reviews @www.movieholicviews.blogspot.com','m','2015-01-09 15:53:04','photo'),(2,'436219139812698_594164967351447','18','',NULL,'2015-01-10 05:56:05','status'),(3,'436219139812698_592685724166038','20','',NULL,'2015-01-06 13:32:05','status'),(4,'436219139812698_593929127375031','33','FILM : GOODBYE, FIRST LOVE (2011)\nCOUNTRY : FRANCE\nGENRE : ROMANCE , DRAMA\nDIRECTOR : MIA-HANSEN LOVE\n\"പ്രതിവിധിയില്ലാത്ത രോഗമാണ് പ്രണയം\"  എന്ന വാചകത്തെയാണ്‌ ഈ സിനിമ പലപ്പോഴും ഓർമ്മിപ്പിക്കുന്നത്. മധുരവും, ഉദാത്തവുമായ വേദനകളുടെ കലവറയാണ് പ്രണയം.വിരഹവും , OBSESSION-നും ബാക്കിയാക്കുന്ന പ്രണയത്തിന്റെ പച്ചമുറിവുകളുടെ നീറ്റലുകളാണ് ഈ സിനിമയുടെ ആദ്യ ഭാഗങ്ങളിൽ നിറയുന്നത്. സ്നേഹ ബന്ധനത്തിന്റെ നൂലഴികളെപ്പോലും പൊട്ടിച്ചെറിയാനാവാത്ത വിധം \"ആദ്യാനുരാഗം\"  ആത്മാവിലുറച്ച  \"കമീല\"-യാണ്  ഈ സിനിമയുടെയും ആത്മാവ്. 15 വയസ്സിന്റെ അപക്വതയിൽ  ഹൃദയത്തിൽ പൊടിഞ്ഞ സ്നേഹതീർത്ഥം വർഷങ്ങൾക്കിപ്പുറവും  വറ്റാതെ കണ്ണീർ ഉറവകൾ തീർക്കുന്ന വേദനയാകുന്നു. \n\n                   LORENZO , SULLIVAN എന്നിവരെ കമീലയുമായി ചേർത്ത് നിർത്തുന്ന ബന്ധനമാണ് ഇവിടെ പ്രണയമെങ്കിലും, ത്രികോണ പ്രണയത്തിന്റെ വിരസമായ യാതൊരു സാദൃശ്യവും നമുക്ക് കാണാനാവുന്നില്ല. പ്രണയത്തിന്റെ വന്യവും, ഭിന്നവും, തീവ്രവുമായ ഭാവങ്ങളെ വാക്കുകളുടെ വിരളതയിലും നമുക്ക് അനുഭവിക്കാനാകുന്നു. ലൈംഗികത, വിശ്വാസം എന്നീ  കെട്ടുപാടുകൾക്കുപരി  പ്രണയത്തിന്റെ രോഗാതുരതയെയാണ് ഈ സിനിമ പ്രതിഫലിപ്പിക്കുന്നത്. ഒരു മാറാവ്യാധിയായി ആദ്യപ്രണയം  മനസ്സിനേയും , ശരീരത്തെയും കീഴടക്കിയിട്ടുള്ള കമീലയുടെ സ്നേഹത്തിന്റെ ആഴങ്ങളെ അറിയാത്തതിന്റെയോ, ഭയപ്പെടുന്നതിന്റെയോ തെളിവാകുന്നു SULLIVAN-ന്റെ ചെയ്തികൾ. \n\n              ലളിതവും, പ്രണയ തീവ്രവും, പുതുമയുള്ളതും, വളരെ മന്ദഗതിയിലുള്ളതുമായ ഒരു സിനിമ. പ്രണയ തീവ്രതയുടെ ഭിന്നഭാവങ്ങളെ തേടുന്നവർക്കായ്............................  \nmore @ www.entecinemavayanakal.blogspot.com','m','2015-01-09 14:44:00','photo'),(5,'436219139812698_593929187375025','1','270.Av MEVSIMI(TURKISH,2010),|Mystery|Thriller|Crime|,Dir:-Yavuz Turgul,*ing:-Sener Sen, Cem Yilmaz, Çetin Tekindor.\n\n  നദിക്കരയില്‍ നിന്നും കിട്ടിയ ഒരു കൈ കാരണം ഇത് വരെയുള്ള ജീവിതത്തില്‍ നിന്നും  മാറ്റങ്ങള്‍ സംഭവിച്ച  ഹോമിസൈഡ് വിഭാഗത്തില്‍ ജോലി ചെയ്യുന്ന മൂന്നു അന്വേഷണ  ഉദ്യോഗസ്ഥന്മാരുടെ കഥയാണ് ഈ ചിത്രം അവതരിപ്പിക്കുന്നത്‌.ശരീരത്തില്‍ നിന്നും കത്തി ഉപയോഗിച്ച് മുറിച്ചു മാറ്റപ്പെട്ട രീതിയില്‍ കാണപ്പെട്ട ആ കൈക്ക് പറയാന്‍ കഥ ഏറെ ഉണ്ടായിരുന്നു.അന്വേഷണ ഉദ്യോഗസ്ഥന്മാരുടെ കുറവ് കാരണം പുതുതായി ജോലിക്ക് ചേര്‍ന്ന ഹസനെയും കൂട്ടിയാണ് ഫെര്‍മാന്‍,ഇദ്രീസ് എന്നീ മുതിര്‍ന്ന ഉദ്യോഗസ്ഥര്‍ തങ്ങളുടെ അന്വേഷണം ആരംഭിച്ചത്.\n\n  ആദ്യ കാഴ്ചയില്‍ തന്നെ കൊലപാതകം ആണെന്ന് മനസ്സിലായ കേസില്‍ പ്രത്യേകിച്ച് തുമ്പ് ഒന്നും അവര്‍ക്ക് ലഭിക്കുന്നില്ല.വിരലുകള്‍ക്കിടയില്‍ കാണപ്പെട്ട ആരുടെയോ തൊലി മാത്രം ആണ് അവര്‍ക്ക് നേര്‍ വഴി കാണിക്കാന്‍ ആകെ മൊത്തം ഉണ്ടായിരുന്നത്.എന്നാല്‍ കേസ് അന്വേഷണത്തില്‍ അതൊരു മുഖ്യ ഘടകം ആയി വരുന്നും ഇല്ല.മുന്നോട്ടുള്ള പരിശോധനയില്‍  മരിച്ച ആള്‍ പതിനാറു വയസു പ്രായം ഉള്ള ഒരു പെണ്‍ക്കുട്ടി ആണെന്ന് മനസിലാക്കുന്നു.അവസാനം അവര്‍ അവളെ കണ്ടെത്തി.മയക്കു മരുന്ന് കേസില്‍ കുറച്ചു ദിവസം മുന്‍പ് അറസ്റ്റില്‍ ആകുകയും പിന്നീട് തെളിവുകളുടെ അഭാവത്തില്‍ വെറുതെ വിടുകയും ചെയ്തിരുന്നു അവളെ.അന്വേഷണം നേരെ എത്തി നില്‍ക്കുന്നത് അവളുടെ കാമുകന്‍ ആണെന്ന് എല്ലാവരും ഒരേ സ്വരത്തില്‍ പറയുന്ന യുവാവില്‍ ആണ്.എന്നാല്‍ കണ്മുന്നില്‍ ഉള്ള കാഴ്ചകള്‍ പോലും ചതിക്കാന്‍ സാധ്യത ഉള്ളത് കൊണ്ട് എ കാഴ്ചകളെ മറ്റൊരു രീതിയില്‍ കാണണം എന്ന് പുതുതായി ജോലിക്ക് ചേരുന്നവരെ പഠിപ്പിക്കുന്ന ഫെര്‍മാനും അദ്ദേഹത്തിന്റെ ആശയങ്ങളെ ബഹുമാനിക്കുന്ന ചൂടനായ ഇദ്രിസും ശാസ്ത്രീയമായി മൌന്ശ്യരെ കുറിച്ച് പഠിക്കുന്ന Anthropology യില്‍ ഗവേഷണം നടത്തുന്ന ഹസനും കൂടുതല്‍ അന്വേഷനതിലേക്ക് പോകുന്നു.പരമ്പര കൊലയാളികള്‍ എന്ത് കൊണ്ട് ടര്‍ക്കിയില്‍ ഇല്ല എന്നതായിരുന്നു ഹസന്‍റെ പഠനവിഷയം.അതിനുള്ള ഉത്തരം തേടി ഹസനും തങ്ങളെ കുഴപ്പിക്കുന്ന കേസുമായി ഫെര്‍മാന്‍ ,ഇദ്രീസ് എന്നിവരും മുന്നോട്ടു പോകുന്നു.\n\n  നദിക്കരയില്‍ കാണപ്പെട്ടത് ആരുടെ കൈ ആയിരുന്നു?എന്തിനാണവള്‍ കൊല്ലപ്പെട്ടത്?കൂടുതല്‍ അറിയാന്‍ ഈ ചിത്രം കാണുക.നേര്‍ക്കാഴ്ച്ചകളെ പിന്തള്ളി തെളിവുകള്‍ക്കായി അലയുമ്പോള്‍ ജീവിതത്തില്‍ പലതും സംഭവിക്കാം.അത്തരം ഒരു അവസ്ഥയും മികച്ച രീതിയില്‍ ഉള്ള കുറ്റാന്വേഷണവും കേസിനെ നേരിടുന്ന കാഴ്ചപ്പാടും ഒക്കെ ഈ ചിത്രത്തെ ഒരു മികച്ച ക്രൈം ത്രില്ലര്‍ ആക്കുന്നു.തീര്‍ച്ചയായും ത്രില്ലര്‍ സിനിമ പ്രേമികള്‍ കണ്ടിരിക്കേണ്ട ചിത്രം ആണ് Av Mevsimi എന്ന ഈ ടര്‍ക്കിഷ് ചിത്രം.ടര്‍ക്കിഷ് ബോക്സോഫീസില്‍ മികച്ച വിജയം നേടിയതാണ് ഈ ചിത്രം.\n\nMore reviews @www.movieholicviews.blogspot.com','m','2015-01-09 14:44:02','photo'),(6,'436219139812698_593941444040466','1','271.WHIPLASH(ENGLISH,2014),|Musical|Drama|,Dir:-Damien Chazelle,*ing:-Miles Teller, J.K. Simmons, Melissa Benoist .\n\n  Whiplash-സംഗീതം പ്രമേയം ആയി വന്ന ഒരു മികച്ച സിനിമ.\n\n  തന്‍റെ സ്വപ്നങ്ങളിലേക്ക് ഒരാള്‍ക്ക്‌ എത്തി ചേരാന്‍ എന്താണ് കൂടുതല്‍ ആവശ്യം?കുഴപ്പമില്ല എന്നുള്ള മറ്റുള്ളവരുടെ അഭിപ്രായം ആണോ?അതോ പരിഹസിക്കപ്പെടുകയും ഒന്നിനും കൊള്ളില്ല എന്നുള്ള പരാമര്‍ശങ്ങളും ആണോ?ഒരു മേഖലയില്‍  ഏറ്റവും മിടുക്കന്‍ എന്ന് വിളിക്കപ്പെടാന്‍ എന്താണ് വേണ്ടത്?സ്വയം സമ്പാദിച്ച  സ്ഥാനങ്ങള്‍ ആണോ അതോ എളുപ്പ മാര്‍ഗത്തില്‍ ലഭിച്ചതാണോ?അമേരിക്കയിലെ മികച്ച സംഗീത സ്ക്കൂളുകളില്‍ ഒന്നായ ഷഫെറില്‍ പത്തൊമ്പത് വയസ്സുകാരന്‍ ആയ നെയ്മാന്‍ തന്റെ സ്വപ്നങ്ങളെ ചേര്‍ത്ത് പിടിച്ചു പഠനത്തിനായി ചേരുന്നു.ഒരു ഡ്രമ്മര്‍ ആണ് നെയ്മാന്‍.\n\n  ലോകത്തിലെ തന്നെ മികച്ച ഡ്രമ്മര്‍ ആവുക എന്ന ലക്ഷ്യത്തോടെ ആണ് നെയ്മാന്‍ അവിടെ പഠനത്തിനു ചേരുന്നത്.കഠിനാധ്വാനം ആണ് തന്‍റെ ലക്ഷ്യത്തിലേക്കുള്ള മാര്‍ഗം എന്ന് തിരിച്ചറിഞ്ഞ  നെയ്മാന്‍ അതിനായി പരിശ്രമിക്കുന്നു.ഒഴിവു സമയങ്ങള്‍ പോലും അതിനായി അവന്‍ ചിലവഴിക്കുന്നു.അത്തരം ഒരു അവസരത്തില്‍ ആണ് നെയ്മാന്‍ കാത്തിരുന്ന ജാസ് സംഗീത മേഖലയില്‍  മികച്ച അദ്ധ്യാപകന്‍ ആയ ഫ്ലെച്ചര്‍ അങ്ങോട്ട്‌ വരുന്നത്.ഒന്നാം വര്‍ഷ വിദ്യാര്‍ഥി ആയ നെയ്മാനോട് അയാള്‍ ഡ്രംസ് കൊട്ടാന്‍ ആവശ്യപ്പെടുന്നു.എന്നാല്‍ ഒന്നും മിണ്ടാതെ അയാള്‍ അതിനു ശേഷം അയാള്‍ പോകുന്നു.എന്നാല്‍ അടുത്ത ദിവസം അപ്രതീക്ഷിതമായി നെയ്മാന്റെ ക്ലാസ്സില്‍ കടന്നു വന്ന ഫ്ലെച്ചര്‍ ഒരു പരീക്ഷ നടത്തുന്നു.നെയ്മാന്റെ ജീവിതം അവിടെ മാറി മറിയുന്നു.\n\n  തന്‍റെ സ്വപ്നത്തിലേക്ക് നെയ്മാന്‍ അടുക്കുമ്പോഴും അവനു നഷ്ടപ്പെടാന്‍ ഏറെ ഉണ്ടായിരുന്നു.സംഗീതത്തില്‍ നിന്നും മാറിയുള്ള ജീവിതം.ഏതൊരു കൌമാരക്കരനെയും പോലെ അവനും തോന്നാവുന്ന വികാരങ്ങള്‍.എന്നാല്‍  ഡ്രം കൊട്ടി കയ്യില്‍ നിന്നും രക്തം വരുന്നത് വരെ പരിശ്രമിക്കാന്‍ മടി ഇല്ലാത്ത നെയ്മാന്‍ എന്നാല്‍ അതെല്ലാം ഉപേക്ഷിക്കാന്‍ തീരുമാനിക്കേണ്ട അവസ്ഥയില്‍ ആണ്. പ്രതീക്ഷിച്ച അത്ര മിടുക്കന്‍ ആയിരുന്നോ നെയ്മാന്‍?ഫ്ലച്ചറിനു പറയാന്‍ വേറെ ആണുള്ളത്.അടുത്ത Buddy Rich ആകാനായി കൊതിക്കുന്ന നെയ്മാനും ഫ്ലച്ചറും തമ്മില്‍ ഉള്ള മികവിലെക്കുള്ള വാതിലിലേക്ക് ആണ് ഈ സിനിമ പിന്നെ പോകുന്നത്.സംഗീതത്തെ കുറിച്ച് വലിയ അറിവ് ഇല്ലെങ്കിലും അവസാന രംഗങ്ങള്‍ ഒക്കെ മികച്ചതായി തോന്നി ക്ലീഷേകള്‍ ഉണ്ടായിരുന്നു എങ്കിലും.ചിത്രവും മൊത്തത്തില്‍ അങ്ങനെ തന്നെ തോന്നി!!\n\nMore reviews @www.movieholicviews.blogspot.com','m','2015-01-09 15:22:03','photo'),(7,'436219139812698_593887457379198','47','The Others is a 2001 horror-thriller film written, directed and scored by Alejandro Amenábar. It stars Nicole Kidman and Fionnula Flanagan. A fantastic horror movie which has ruined my sleep. A must watch movie who expect a horror as such as the movie \' The Conjuring \'','e','2015-01-09 12:40:05','photo'),(8,'436219139812698_593471860754091','48','Predestination (2014),Australia,English,97min\nആസ്ട്രേലിയന്‍ സംവിധായകരും സഹോദരങ്ങളുമായ Spierig Brothers (Michael Spierig,and Peter Spierig) സംവിധാനം ചെയ്ത ടൈം ട്രാവലിംഗ്- സയന്‍സ് ഫിക്ഷന്‍ ജോണറില്‍പെട്ട ചിത്രമാണ് Predestination (2014).\nഈതന്‍ ഹോക്ക്,സാറ സ്നൂക്ക് എന്നിവര്‍ മുഖ്യ വേഷത്തില്‍ അഭിനയിച്ചിരിക്കുന്നു.\nവന്‍ അട്ടിമറികളും ഭീകര ആക്രമണങ്ങളും തടയുന്ന ടെമ്പറല്‍ ബ്യൂറോ എന്നറിയപ്പെടുന്ന രഹസ്യ സംഘടനയിലെ ഒരു ടെമ്പറല്‍ എജന്‍റ്  നടത്തുന്ന യാത്രകള്‍ ആണ് ചിത്രത്തിന്‍റെ പ്രമേയം.ഇദ്ദേഹത്തിന് ടൈം ട്രാവല്‍ നടത്തുവാന്‍ സഹായിക്കുന്ന വയലിന്‍ കെയ്സ് മാതൃകയിലുള്ള ഒരു കോര്‍ഡിനേറ്റ് ട്രാന്‍സ്ഫോര്‍മര്‍ ഫീല്‍ഡ് കിറ്റ്‌ ഉണ്ട്.അതിന്‍റെ സഹായത്തോടെ അദ്ദേഹം 1975 മാര്‍ച്ചിലേക്ക് ന്യൂ യോര്‍ക്കില്‍ ഒരു ഭീകരാക്രമണത്തില്‍ 11000 പേര്‍ മരിക്കാന്‍ ഇടയായതിന് കാരണക്കാരനായ ഭീകരനെ കണ്ടെത്താന്‍ യാത്രയാകുന്നു,എന്നാല്‍ പദ്ധതിയില്‍ അദ്ദേഹം പരാജയപ്പെടുകയും പരിക്കേല്‍ക്കുകയും ചെയ്യുന്നു,ഒരു അജ്ഞാതന്‍റെ സഹായത്തോടെ ശരീരമാകെ പൊള്ളലേറ്റ അദ്ദേഹം 1992ലേക്ക് യാത്രയാകുകയും പ്ലാസ്റ്റിക് സര്‍ജറിക്ക് വിധേയനാകുകയും ചെയ്യുന്നു.തുടര്‍ന്ന് അദ്ദേഹം 1970ലേക്ക് യാത്രയാകുകയും ന്യൂയോര്‍ക്കില്‍ ഒരു ബാര്‍ അറ്റന്‍ഡറായി ജോലി നോക്കുകയും ചെയ്യുന്നു,ഒരു പദ്ധതിയുടെ ഭാഗമായി ജോലി തുടരവേ അവിടെ വച്ച് ലിംഗമാറ്റ ശസ്ത്രക്രിയയിലൂടെ പുരുഷനായി മാറിയ ജെയ്ന്‍ എന്ന പെണ്‍കുട്ടിയെ പരിചയപ്പെടുന്നു,അവിടെ വച്ച് അവള്‍/അവന്‍ അദ്ദേഹത്തോട് തന്‍റെ കഥ പറയുകയും അവള്‍ക്ക് അങ്ങനെയാകേണ്ടി വന്ന അവളുടെ പൂര്‍വ കാമുകനെ കൊല്ലാന്‍ അദ്ദേഹത്തിന്‍റെ സഹായം ആവശ്യപ്പെടുകയും ചെയ്യുന്നു.അദ്ദേഹം അവള്‍ക്കൊപ്പം അവളുടെ ഭൂത കാലത്തേക്ക് യാത്രയാകുന്നു.ജെയ്ന്‍ 1945ല്‍ ഒരു അനാഥാലയത്തില്‍ ഉപേക്ഷിക്കപ്പെട്ട നിലയില്‍ കണ്ടെത്തുകയായിരുന്നു.അവളെ കൈ കുഞ്ഞായിരിക്കെ അനാഥാലയത്തില്‍ ഉപേക്ഷിച്ചത് തന്‍റെ മറ്റൊരു യാത്രയിലെ ഒരു പദ്ധതിക്കിടയില്‍ ആണെന്ന് അദ്ദേഹം കണ്ടെത്തുന്നു,കൂടാതെ മറ്റൊരു കാര്യം കൂടി അദ്ദേഹം കണ്ടെത്തുന്നു,ജെയ്നിനെ അവളുടെ പൂര്‍വ കാമുകന്‍ ഗര്‍ഭിണിയാക്കിയ ശേഷം അപ്രത്യക്ഷന്‍ ആകുകയായിരുന്നു,അങ്ങനെ ഗര്‍ഭിണിയായ ജെയ്ന്‍ ആശുപത്രിയില്‍ വെച്ച് ഒരു പെണ്‍കുഞ്ഞിന് ജന്മം നല്‍കുകയും ആ പെണ്‍കുഞ്ഞിനെ ആശുപത്രിയില്‍ നിന്നും ആരോ തട്ടിക്കൊണ്ടു പോകുകയുമായിരുന്നു,ഈ പെണ്‍കുഞ്ഞിനെ താനാണ് തട്ടിക്കൊണ്ടു പോയി അനാഥാലയത്തില്‍ ഉപേക്ഷിച്ചതെന്നും അദ്ദേഹം കണ്ടെത്തുന്നു.\nഅപ്പോള്‍ ജെയ്ന്‍ യഥാര്‍ത്ഥത്തില്‍ ആരാണ്? ജെയ്ന്‍ ജന്മം നല്‍കിയ പെണ്‍കുഞ്ഞ് ആരാണ്?  ജെയ്നിന്‍റെ പൂര്‍വ കാമുകന്‍ ആരാണ്? ബാര്‍ അറ്റന്‍ഡര്‍ ആരാണ്? ഭീകരാക്രമണം നടത്തിയ ഭീകരന്‍ ആരാണ്? പരിക്കേറ്റ എജന്‍റിനെ സഹായിച്ച അജ്ഞാതന്‍ ആരാണ്? ഈ പദ്ധതികള്‍ക്ക് പിന്നില്‍ ആരാണ്? \nസിനിമ കണ്ടു വണ്ടര്‍ അടിക്കാന്‍ ഇഷ്ടമുള്ള പ്രേക്ഷകര്‍ക്ക് ചിത്രം സജസ്റ്റ് ചെയ്യുന്നു.Primer (2004),Triangle (2009),Looper (2012),എന്നീ കിടിലന്‍ സിനിമകളെ കിടപിടിക്കുന്ന ചിത്രം.\nWikipedia- http://en.wikipedia.org/wiki/Predestination_(film)\nIMDB- http://www.imdb.com/title/tt2397535','m','2015-01-08 13:52:05','photo'),(9,'436219139812698_593532124081398','56','ഇവനെ (Christopher McCandless ) പോലെയൊക്കെ ആയാ മതിയാര്‍ന്നു .....!  <3 <3 <3 <3','m','2015-01-08 16:44:02','photo'),(10,'436219139812698_593455347422409','23','I saw the Devil (2010)  v/s  Ek Villain (2014)\n*******************************************************\nSiddharth Malhotra യുടെ  Ek Villain എന്ന സിനിമ I Saw the Devil എന്നാ സിനിമയുടെ remake ആനെന്നറിനു ഇന്നലെ കാണുകയുണ്ടായി. 2010 ല്‍ പുറത്തിറങ്ങിയ I Saw the Devil എന്നാ കൊറിയെന്‍ പടം പ്രതികാരത്തിന്റെ കഥയാണ് പറയുന്നത്. മാരകമായ വയലെന്‍സ് ആണ് ഈ സിനിമയുടെ ഹൈലൈറ്റ്..!! EK villan എന്നാ പടം I saw The Devil ഉ മായി കംപൈര്‍ ചെയ്യുമ്പോള്‍ 100 ല്‍ 1 പോലും ആവില്ല..!!\nകണ്ടിരികേണ്ട ഒരു കൊറിയെന്‍ ത്രില്ലെര്‍','m','2015-01-08 13:11:00','photo'),(11,'436219139812698_593027830798494','23','ഞാന്‍ ഈ ഗ്രൂപ്പിലെ പുതിയ മെംബര്‍ :) !!\nഒരു പാട് സിനിമകളെ കുറിച്ച അറിയാന്‍ കഴിഞ്ഞു.. എല്ലാം ഡൌണ്‍ലോഡ്‌ ആക്കാന്‍ വെച്ചു.. ;)\nഇനി ഞാന്‍ ഇന്നലെ കണ്ട 2 സിനിമകള്‍ പരിജയപെടുതാം ...\nThe Equalizer  &&   Into the Wild\nകാണുക അഭിപ്രായം  അറിയിക്കുക.. :)\n--Fuaad Ali','m','2015-01-07 11:20:04','photo'),(12,'436219139812698_593308847437059','65','Coherence is an American science fiction thriller film that was directed by James Ward Byrkit , and is his first theatrical feature film.\nThe movie stars Emily Baldoni as a woman who must deal with strange occurrences following a comet sighting.\n- Source Wiki.\n\nAnother movie with a time loop theme. \nGenre- Horror/Science/Thriller.\n\nA low budget movie with extraordinary acting and plot! Must watch movie! \nMy Rating- 7.5/10\n\nImdb- 7.1\nRotten Tomatoes - 85%\nMetacritic - 64%','e','2015-01-08 04:11:03','photo'),(13,'436219139812698_592776000823677','1','268.THE FLY(ENGLISH,1986),|Sci-Fi|Horror|,Dir:-David Cronenberg,*ing:-Jeff Goldblum, Geena Davis, John Getz .\n\n George Langelaan 1957 ല്‍ എഴുതിയ ചെറുകഥയെ ആസ്പദം ആക്കി ഡേവിഡ് ക്രോണന്‍ബര്‍ഗ് സംവിധാനം ചെയ്ത സയന്‍സ് ഫിക്ഷന്‍ ചിത്രം ആണ് The Fly.ക്രിസ് വാലസ്, ദുപീസ്‌ എന്നിവര്‍ക്ക് പ്രസ്തുത ചിത്രത്തിലൂടെ മികച്ച മേക് അപ് മാനുള്ള അക്കാദമി പുരസ്ക്കാരം ലഭിക്കുകയുണ്ടായി.Disaster Experiments ആണ് ഈ ചിത്രത്തിന്‍റെ പ്രമേയം.ഒരു സമയം സയന്‍സ് ഫിക്ഷന്‍ ആയി മാസികകളില്‍ വന്നിരുന്ന കഥകളുമായി സാമ്യം ഉള്ള ഒരു കഥയാണ് ഈ ചിത്രത്തിനും.എങ്കിലും അന്നത്തെ സാങ്കേതിക മികവില്‍ മുന്നിട്ടു നിന്നിരുന്നു ഈ ചിത്രം.\n\n   ബ്രുണ്ടെല്‍ എന്ന യുവശാസ്ത്രജ്ഞ്ജനെ വെറോണിക്ക പരിചയപ്പെടുന്നത് ഒരു മീറ്റ്‌ ദി പ്രസ്‌ പരിപാടിയുടെ ഇടയില്‍ ആണ്.ബാര്‍ടോക് സയന്‍സ് ഇന്ടസ്ട്രീസ് നടത്തുന്ന പരിപാടിയായിരുന്നു അത്.ശാസ്ത്ര ലോകത്തിനു വിസ്മയം ആയേക്കാവുന്ന പരീക്ഷണങ്ങളെ കുറിച്ച് റിപ്പോര്‍ട്ട് അന്വേഷിച്ചാണ് വെറോണിക്ക അവിടെ എത്തുന്നത്‌.ബ്രുണ്ടെല്‍ വെറോണിക്കയോട് മനുഷ്യ രാശിയിലെ ഏറ്റവും ഗംഭീരം ആയ പരീക്ഷണം ആണ് താന്‍ നടത്തുന്നത് എന്ന് പറയുന്നു.ആദ്യ നിസ്സാരം ആയി തള്ളിയെങ്കിലും വെറോണിക്കയെ നിര്‍ബന്ധിച്ചു അയാളുടെ പരീക്ഷണ ശാലയിലേക്ക് കൊണ്ട് പോകുന്നു.അവിടെ കണ്ട ഫോണ്‍ ബൂത്ത്‌ പോലെ തോന്നിക്കുന്ന വസ്തുക്കള്‍ കണ്ടു വെറോണിക്ക അയാളെ ആദ്യം പുചിക്കുന്നു.എന്നാല്‍ തന്‍റെ കണ്ടു പിടുത്തം വെറോണിക്ക അണിഞ്ഞിരുന്ന സ്റ്റൊക്കിങ്ങ്സിലൂടെ അയാള്‍ അവതരിപ്പിച്ചപ്പോഴും അഭിപ്രായത്തിനു മാറ്റം ഇല്ലായിരുന്നു.പിറ്റേ ദിവസം ഇതിനെ കുറിച്ച് വെറോണിക്ക  സ്ടാതീസ് എന്ന മുന്‍ കാമുകന്‍ ആയ മേലധികാരിയോട് പറഞ്ഞപ്പോള്‍ അയാളും കാര്യമാക്കിയില്ല.പുറം ലോകത്തിനു ഈ പരീക്ഷണങ്ങളെ കുറിച്ച് അറിവില്ലായിരുന്നു.എന്നാല്‍ പിന്നീട് വെറോണിക്ക ബ്രുണ്ടെല്‍പറയുന്നത് വിശ്വസിച്ചു അയാള്‍ നിര്‍മിച്ച Telepod കാണുവാന്‍ ഒന്നും കൂടി പോകുന്നു.ഒരു സ്ഥലത്ത് നിന്നും മറ്റൊരു സ്ഥലത്തേക്ക് പോകാന്‍ ഉള്ള എളുപ്പ വഴി,അതോടൊപ്പം സമയത്തെയും ദൂരത്തെയും തോല്‍പ്പിക്കുന്ന യന്ത്രം ആയിരുന്നു അത്.പരീക്ഷണങ്ങള്‍ നടക്കുന്നതേ ഉണ്ടായിരുന്നുള്ളൂ.ആ പരീക്ഷണങ്ങള്‍ ക്യാമറയില്‍ പകര്‍ത്താന്‍ ബ്രുണ്ടെല്‍ വെറോണിക്കയെ അനുവദിക്കുന്നു.എന്നാല്‍ എല്ലാ പരീക്ഷണങ്ങളിലും അടങ്ങിയിരിക്കുന്ന റിസ്ക്‌ ഈ പരീക്ഷണത്തിലും  ഉണ്ടായിരുന്നു.ഒരു പക്ഷേ അപ്രതീക്ഷിതമായ റിസ്ക്കുകള്‍.അതിനെ കുറിച്ചും അതിന്‍റെ അന്തര ഫലങ്ങളെ കുറിച്ചും ആണ് ബാക്കി ചിത്രം.\n\n ഈ ചിത്രത്തിലെ Monkey-Cat പരീക്ഷണ രംഗങ്ങള്‍ ഒക്കെ അതിന്റെ ഭീകരത കാരണം മുറിച്ചു മാറ്റിയിരുന്നു മറ്റു പല രംഗങ്ങളെ പോലെ.ഇതിന്‍റെ രണ്ടാം ഭാഗം 1989 ല്‍ ഇറങ്ങിയിരുന്നു  The Fly 2 എന്ന പേരില്‍.ഒരു കൌതുകത്തിന്റെ പേരില്‍ ആണെങ്കിലും കണ്ടു തുടങ്ങിയാല്‍ പലര്‍ക്കും ഇഷ്ടം ആകും ഈ ചിത്രം എന്ന് കരുതുന്നു.പരീക്ഷണങ്ങളില്‍  നടക്കുന്ന ദുരിതങ്ങളെ വലിയ ഒരു ക്യാന്‍വാസില്‍ ഈ ചിത്രം അവതരിപ്പിച്ചിട്ടും ഉണ്ട്.മനുഷ്യന്‍റെ ചിന്തകളുടെ ഭീകരത ആണ് ഈ ചിത്രവും അവതരിപ്പിക്കുന്നത്‌.\n\nmore reviews @ www.movieholicviews.blogspot.com','m','2015-01-06 18:37:01','photo'),(14,'436219139812698_593174117450532','1','269.CHOTUSHKONE(2014,BENGALI),|Thriller|Drama|,Dir:-Srijit Mukherji,*ing:-Aparna Sen, Chiranjit, Goutam Ghose,Parambrata Chatterjee.\n\n  മരണം ആസ്പദം ആക്കി ഒരു ചിത്രം എടുക്കാന്‍ അയാള്‍ക്ക് നാല് സംവിധായകരെ ആവശ്യം ഉണ്ട്.അതിനായി രണ്ടു സിനിമകള്‍ സംവിധാനം ചെയ്യുകയും കുറച്ചു സിനിമയില്‍ അഭിനയിക്കുകയും ചെയ്ത ജോയ് എന്ന യുവ സംവിധായകനെ ഏല്‍പ്പിക്കുന്നു.ജോയ് അവരെ പോയി കാണുന്നു.ഒരു സിനിമ,നാല് കഥകള്‍.മരണം തീം ആയി വരുന്ന ഒരു അന്തോളജി ആയിരുന്നു അയാളുടെ മനസ്സില്‍.ജോയ് അവരെ ഓരോരുത്തരെയും ആ പ്രോജക്ട്ടിലേക്ക് ക്ഷണിക്കുന്നു.മുന്‍ക്കാല  നടിയും ഇപ്പോള്‍ സംവിധായകയും ആയ ട്രീന,കൊമേര്‍ഷ്യല്‍ സിനിമകളില്‍ അഭിനയിക്കുകയും ചിലത് സംവിധാനം ചെയ്യുകയും ചെയ്ത ദിപ്തോ,ബംഗാളിലെ ആര്‍ട്ട് സിനിമകളില്‍ വിശ്വസിക്കുന്ന സാക്യോ എന്ന സംവിധായകനും ആയിരുന്നു മൂന്നു സിനിമകള്‍ക്കായി കഥ എഴുതുന്നത്‌.നാലാമത്തെ സിനിമ ജോയിയും സംവിധാനം ചെയ്യും.\n\n  കൂടുതല്‍ ചര്‍ച്ചകള്‍ക്കായി, എത്ര വേണമെങ്കിലും കാശ് മുടക്കാന്‍ തയ്യാറായ ആ നിര്‍മാതാവിനെ കാണുവാനായി അവര്‍ നാല് പേരും Henry\'s Island ലേക്ക് യാത്ര തിരിക്കുന്നു.പോകുന്ന വഴിയില്‍ നാല് പേരും കഥകള്‍ ഉണ്ടാക്കി ചര്‍ച്ചകള്‍ ആകാം എന്നൊരു ഉദ്ദേശവും ആ യാത്രയ്ക്ക് ഉണ്ടായിരുന്നു,എന്നാല്‍ ഇവരുടെ ചിന്തകളില്‍ നിന്നും വിഭിന്നമായ സംഭവങ്ങള്‍ ആണ് ആ യാത്രയില്‍ സംഭവിക്കുന്നത്‌.ഒരു പക്ഷേ കഥയെ പുനരവതരിപ്പിക്കുന്ന ഇത് പോലെ ഉള്ള സാധാരണ എഴുത്തില്‍ മനസ്സിലാക്കാന്‍ കഴിയാത്ത പലതും ആ യാത്രയില്‍ ഉണ്ടായിരുന്നു.ഫ്രെയിമില്‍ കാണുന്നത് പലപ്പോഴും ശ്രദ്ധ തിരിപ്പിക്കും പ്രേക്ഷകന്‍റെ.പ്രത്യേകിച്ചും ഓരോ കഥാപാത്രങ്ങളുടെ വൈകാരിക തലങ്ങള്‍ കാണുമ്പോള്‍.ട്രീനയുടെ നഷ്ട ജീവിതവും എന്നാല്‍ ഇപ്പോള്‍ ലഭിച്ചിരിക്കുന്നതും,പരസ്പരം  വഴക്കുകള്‍ തമ് ഉണ്ടാകുമെങ്കിലും സന്തോഷ പൂര്‍ണമായ ദാമ്പത്യം ആണ് അവര്‍ക്ക് ഉണ്ടായിരുന്നത്.അത് പോലെ ദീപ്തോയുടെ  പകുതി പ്രായം ഉള്ള പെണ്‍ക്കുട്ടിയും ആയുള്ള ബന്ധം,അയാള്‍ക്ക്‌ മകനുമായുള്ള അടുപ്പം എല്ലാം ഈ കഥയില്‍ അവതരിപ്പിക്കപ്പെടുന്നുണ്ട്.\n\n  അത് പോലെ തന്നെയാണ് അവരുടെ ചര്‍ച്ചകളില്‍ കടന്നു വരുന്ന ബംഗാളി സിനിമകളുടെ മൂല്യച്യുതിയെ കുറിച്ചുള്ള പരാമര്‍ശങ്ങള്‍ .ഒരു സമയത്ത് ക്ലാസിക്കുകള്‍ ഏറെ നല്‍കിയിരുന്ന ഒരു സിനിമ ലോകം കച്ചവട സിനിമയിലേക്ക് മാറിയപ്പോള്‍ ഉണ്ടായ പരിണിത ഫലങ്ങളും മാര്‍ക്സിസത്തെ കൈ വിട്ട ബംഗാളും എല്ലാം ഉള്‍ക്കൊള്ളിക്കാന്‍  ശ്രമിച്ചിട്ടുണ്ട് സംവിധായകന്‍ ശ്രീജിത്ത്‌ മുഖര്‍ജീ.കഥ പറയുമ്പോള്‍ ഉള്ള നല്ല കയ്യടക്കം സംവിധായകന്‍ പ്രകടിപ്പിച്ചതായി തോന്നി.കാരണം വിരസമായ രംഗങ്ങള്‍ കുറവായിരുന്നു.അത് മാത്രമല്ല നോണ്‍ ലീനിയര്‍ രീതിയില്‍  അവതരിപ്പിക്കപ്പെട്ട സമാന്തരമായുള്ള കഥയും പ്രേക്ഷകന്‍റെ ആകാംക്ഷയെ ഉണര്‍ത്താന്‍ പാകത്തില്‍ ഉള്ളതായിരുന്നു.അത് പോലെ തന്നെ ആണ് അപ്രതീക്ഷിത ട്വിസ്റ്റും ക്ലൈമാക്സും.അനുപം റോയ് സംഗീതം നല്‍കിയ പാട്ടുകള്‍ ഒരു ബംഗാളി സിനിമ ആയിരുന്നിട്ടു പോലും ശ്രവണ സുന്ദരമായി തോന്നി.കഴിഞ്ഞ വര്‍ഷത്തെ ബംഗാളിലെ മികച്ച സിനിമകളില്‍ ഒന്നായി മാറി \"ചൊതുഷ്കോന്‍\".ആ യാത്രയുടെ അവസാനം കാണുവാനായി ചിത്രം മുഴുവന്‍ കാണുക.വളരെ നല്ല ഒരു സിനിമ ആണ് ചൊതുഷ്കോന്‍.\n\nMore reviews @www.movieholicviews.blogspot.com','m','2015-01-07 18:57:03','photo'),(15,'436219139812698_593098584124752','48','Sex,Lies,and Videotape (1989),US,English,100min.\nപ്രശസ്ഥ അമേരിക്കൻ സംവിധായകനായ സ്റ്റീവൻ സോഡർബർഗ്  സംവിധാനം ചെയ്ത ഡ്രാമയാണ് Sex,Lies and Videotape.\nവക്കീലായ ജോണിന്റെ  ചിരകാല സുഹൃത്തായ ഗ്രഹാം കുറച്ചു ദിവസത്തേക്ക് അവധിക്കാലം ചിലവഴിക്കുന്നതിനായി ജോണിനെ തേടി വരുന്നു.ജോണിന്റെ ഭാര്യയായ ആൻ  ജോണുമായി സുഖകരമായ ഒരു ദാമ്പത്യത്തിലല്ല.ജോണിൽ നിന്നും അവർക്ക് ഓർഗാസം ലഭിക്കുന്നുണ്ടായിരുന്നില്ല.ജോണ്‍ ആനിന്റെ സഹോദരിയായ സിന്ത്യയുമായി ശാരീരികമായ ഒരു ബന്ധം നിലനിർത്തുന്നുണ്ട്.\nഗ്രഹാമിന് ഒരു ഹോബിയുണ്ട്.വിവാഹ ബന്ധങ്ങളിൽ അതൃപ്തയായ സ്ത്രീകളുമായും ഇന്റർവ്യൂ നടത്തി അത് റെക്കോർഡ് ചെയ്ത് വീഡിയോ ടേപ്പുകളിൽ സൂക്ഷിക്കാറുണ്ട്.അങ്ങനെയുള്ള വളരെയധികം ടേപ്പുകൾ ഗ്രഹാമിന്റെ കൈവശമുള്ളത് ആൻ കണ്ടെത്തുന്നു.ആനിൽ നിന്നും ഇത് കേട്ടറിഞ്ഞ സിന്ത്യ ഗ്രഹാമുമായും ഒരു മുഖാമുഖത്തിന് തയാറാകുന്നു.സിന്ത്യ ഗ്രഹാമുമായും നടത്തിയ മുഖാമുഖത്തിൽ താനും ജോണുമായുള്ള ബാന്ധവത്തെ കുറിച്ച് സംസാരിക്കുന്നു.ഇതിനകം ജോണും സിന്ത്യയുമായുള്ള ബന്ധത്തെപ്പറ്റി അറിയുന്ന ആനും ഗ്രഹാമുമായും ഒരു മുഖാമുഖത്തിന് തയാറെടുക്കുന്നു.\nവൈവാഹിക ബന്ധങ്ങളിൽ ലൈംഗികതയുടെ പ്രാമുഖ്യവും അതിനിടയിലെ അതൃപ്തി നിറഞ്ഞ ജീവിതങ്ങളും സോഡർബർഗ് തന്റെ ചിത്രത്തിലൂടെ പറയുന്നു.\nചിത്രത്തിന് 1989ലെ കാൻ ഫെസ്റ്റിവലിൽ പാം ഡി ഓർ ലഭിക്കുകയുണ്ടായി.\nWikipedia- http://en.wikipedia.org/wiki/Sex,_Lies,_and_Videotape\nIMDB- http://www.imdb.com/title/tt0098724','m','2015-01-07 14:29:00','photo'),(16,'436219139812698_593095447458399','60','',NULL,'2015-01-07 14:21:02','status'),(17,'436219139812698_592182680883009','28','2004 ഇൽ ഇറങ്ങിയ ഒരു അമേരിക്കൻ റൊമാന്റിക് കോമഡി  മൂവി ആണ് 50 First Dates....\nകഥയൊന്നും പറയാൻ ഉദ്ദേശിക്കുന്നില്ല.\nനർമത്തിന്റെ മേമ്പൊടി ചേർത്ത് കൊണ്ടുള്ള ഒരു നല്ല പ്രണയ ചിത്രം തന്നെയാണ് ഇത്.Adam Sandler, Drew Barrymore  എന്നിവരാണ് പ്രധാന കഥാപാത്രങ്ങളെ അവതരിപ്പിക്കുന്നത്‌.\nItz A Feel Gud Film !','m','2015-01-05 05:44:01','photo'),(18,'436219139812698_593027250798552','65','Seinfeld is an American television\nsitcom that originally ran for nine\nseasons on NBC from July 5, 1989,\nto May 14, 1998. It was created by\nLarry David and Jerry Seinfeld, the\nlatter starring as a fictionalized\nversion of himself. Set\npredominantly in an apartment\nblock in Manhattan\'s Upper West\nSide in New York City, the show\nfeatures a handful of Jerry\'s\nfriends and acquaintances,\nparticularly best friend George\nCostanza ( Jason Alexander), former\ngirlfriend Elaine Benes (Julia\nLouis-Dreyfus ), and neighbor\nacross the hall Cosmo Kramer\n(Michael Richards ).\n-Source - Wiki\n\nThis is often considered by many critics as the greatest comedy series of all time! \nIt even beat many modern and old classic comedy series. \nIt was the first series that actually started a show with each episode on random events, with friends getting together and similar plots.\n\nIf a series watcher, this is definitely a must see. :-)','e','2015-01-07 11:18:01','photo'),(19,'436219139812698_592583554176255','65','Hachi: A Dog\'s Tale is a 2009 drama film. Based on the true story of a faithful Akita Inu , the titular Hachikō, it is directed by\nLasse Hallström, written by Stephen P. Lindsey，Kaneto Shindo and stars Richard Gere , Joan Allen , and Sarah Roemer.\nThe subject is a remake of the 1987\nJapanese language film, Hachikō Monogatari (ハチ公物語 ? ), literally\n\"The Tale of Hachiko\".\n- Wiki \n\nImdb - 8.2\nRotten Tomatoes 62\nPersonally 7.5/10.\n\nVery emotional and surely will make your heart melt ...','e','2015-01-06 06:50:02','photo'),(20,'436219139812698_592271844207426','73','\"pk (2014)\"\n\nWith a good intension of social reform alogside its nature as an entertainment, \'pk\' is a humble attempt of its makers to see an India that shrugs off its superstitious beliefs and religious fanaticism. The film criticizes these two factors that result from ignorance and sheer madness. With \'pk\' the makers proved that fictionalized plots with respect to its nature of incredibility can however be successful financially and critically. One question that still prevails is how far is the film a success in reaching and teaching a large no of the Indians who are preys to the gimmicks of the spiritual leaders who make money from \'Devotion-business\'. Amir and the makers of the film deserve audience\'s appreciation for a fine work of art. A good watch.\n*Directed by Rajkumar Hirani.\n\nwww.imdb.com/title/tt2338151/\nRating: 8.7/10','e','2015-01-05 11:58:05','photo'),(21,'436219139812698_592708447497099','129','Revenge is a dish best served cold\n\nപ്രതികാരദാഹിയായ മനുഷ്യന്‍ കടന്നലിനെപ്പോലെയാണ്.സ്വന്തം ജീവന് ഭീഷണിയായിത്തീരും എന്നറിയാമെങ്കിലും അത് ചെയ്യാതെ അടങ്ങാത്തവര്‍..\n\n Irish mob boss John Rooney യുടെ gang ലെ അംഗമായ Michael Sullivan ന്റെ മകന്‍ ആ gang തന്നെ ചെയ്ത ഒരു കൊലപാതകത്തിന് സാക്ഷിയാകേണ്ടി വരുകയും അതിനെത്തുടര്‍ന്ന് Michael ന്റെ ഭാര്യയെയും ഒരു മകനെയും John Rooney യുടെ മകന്‍ കൊല്ലുകയും ചെയുന്നു..അതിനെത്തുടര്‍ന്ന് പ്രതികാരദാഹിയായ Michael  ഉം ആകെ ഉള്ള മകനും നടത്തുന്ന  യാത്രയും പ്രതികാരവുമാണ് ഇ സിനിമ..\n\nനയനമനോഹരമായ ഫ്രെമുകളും വശ്യസുന്ദരമായ Cinematography നിറഞ്ഞ ഇ സിനിമ അഭിനയതാക്കളുടെ മികച്ച അഭിനയവും മൂലം വളരെ മികച്ചു നില്‍ക്കുന്നു... 2003 ലെ Best Cinematography ക്ക് ഓസ്കാര്‍ കിട്ടിയ സിനിമ...\n\nLast Word ..നമ്മുടെ Gopi Sunder ഇതിലെ ബാക്ക്ഗ്രൌണ്ട് സ്കോര്‍ ചുരണ്ടിയിട്ടുണ്ട് ...ഉസ്താദ് ഹോട്ടല്‍ നു വേണ്ടി ...\nലിങ്ക് :https://www.youtube.com/watch?v=Bu33ASyD4o0\nIMDB : http://www.imdb.com/title/tt0257044/\nTorrent : https://kickass.so/road-to-perdition-2002-720p-brrip-x264-yify-t6966748.html','m','2015-01-06 14:40:00','photo'),(22,'436219139812698_590870074347603','73','\"The Reader (2008)\"\n\nI wanted to watch this film for a long time. Reader, when I got it, really surprised me with the fine acting skills of Kate Winslet with a comparatively good story. The plot line is okay except where it gives only a little importance to the Halocaust compared with the stress it gives to the importance of a,b,c,d in a man\'s life. A good watch. *Directed by Stephen Daldry.\nwww.imdb.com/title/tt0976051/\nRating: 7.6/10','e','2015-01-03 09:22:00','photo'),(23,'436219139812698_592558697512074','1','267.LOS SIN NOMBRE(SPANISH,1999),|Thriller|Mystery|Crime|,Dir:-Jaume Balagueró,*ing:-Emma Vilarasau, Karra Elejalde, Tristán Ulloa .\n\n   ക്ലൌടിയ-മാര്‍ക്ക് ദമ്പതികളുടെ ആറു വയസ്സുകാരിയായ മകളെ കാണാതാകുന്നു.കുറച്ചു ദിവസങ്ങള്‍ക്കു ശേഷം ശരീരം വികൃതമാക്കപ്പെട്ട രീതിയില്‍ ഒരു ചെറിയ കിണറ്റില്‍ നിന്നും ലഭിക്കുന്നു.ശരീരം മൊത്തം സൂചികള്‍ കുത്തിയിറക്കിയ പാടുകള്‍ കാണപ്പെട്ടു.അതും അവള്‍ ജീവനോടെ ഉള്ള സമയത്ത്.ആസിഡ് ഒഴിച്ച് മുഖം നശിപ്പിച്ചതിനാല്‍ അങ്ങനെ  തിരിച്ചറിയാന്‍ പാടായിരുന്നു എങ്കിലും ശരീരത്തിന്‍റെ അടുക്കല്‍ നിന്നും ലഭിച്ച ബ്രെസലട്ടും  ഒരു കാലിനു മറ്റു കാലിനെക്കാളും നീളം കുറവാണ് എന്ന കണ്ടെത്തലും എല്ലാം  എല്ലാം ശവം ആ ആറു വയസ്സുകാരിയുടെ ആണെന്ന നിഗമനത്തില്‍ എത്തി ചേരുന്നു പോലീസ്.കുട്ടിയുടെ അച്ഛനായ മാര്‍ക്കും അത് ശരി വയ്ക്കുന്നു.\n\n  ഇനി കഥ നടക്കുന്നത് അഞ്ചു വര്‍ഷങ്ങള്‍ക്കു ശേഷം ആണ്.കുട്ടിയുടെ മാതാപിതാക്കളായ മാര്‍ക്കും ക്ലൌടിയയും ബന്ധം വേര്‍ പിരിഞ്ഞു.മാര്‍ക്ക് ഇംഗ്ലണ്ടില്‍ ആണ് താമസം.അവര്‍ തമ്മില്‍ ഒരു വിനിമയവും ഇല്ല.ക്ലൌടിയ ഒരു മാസികയില്‍ എഡിറ്റര്‍ ആയി ജോലി ചെയ്യുന്നു.എന്നാല്‍ മകളുടെ വേര്‍പാട് മൂലം ഒറ്റയ്ക്കായ അവര്‍ മാനസിക പിരിമുറുക്കം കുറയ്ക്കാന്‍ ഉള്ള മരുന്നുകളില്‍ അഭയം തേടുന്നു.അന്ന് കേസ് അന്വേഷിച്ച പോലീസ് ഓഫീസര്‍ മസ്സേര രണ്ടാഴ്ച മുന്‍പ് പോലീസില്‍ നിന്നും വിരമിച്ചു.അയാളുടെ കുടുംബത്തില്‍ ഉണ്ടായ ദുരന്തം ആയിരുന്നു അതിനു കാരണം.തന്‍റെ ഓഫീസില്‍ ഉള്ള കുറച്ചു സാധനങ്ങള്‍ എടുക്കാനായി വന്നപ്പോഴാണ് ക്ലൌടിയ അയാള്‍ക്ക്‌ അയച്ച സന്ദേശത്തെ കുറിച്ച് അറിയുന്നത്.അല്‍പ്പ ദിവസം മുന്‍പ് ക്ലൌടിയയ്ക്ക് ഒരു ഫോണ്‍ കോള്‍ ലഭിക്കുന്നു.മരിച്ചു പോയി എന്ന് കരുതിയിരുന്ന തന്‍റെ മകള്‍ അവരെ വിളിച്ചു താന്‍ അകപ്പെട്ട സ്ഥലത്ത് നിന്നും രക്ഷപ്പെടാന്‍ സഹായം ചോദിച്ചു എന്നും പറയുന്നു.അവള്‍ പറഞ്ഞതനുസരിച്ച് ബീച്ചില്‍ അവര്‍ പോയ വിവരവും പറയുന്നു.അസ്വാഭാവികം എന്ന് തോന്നാം എങ്കിലും ക്ലൌടിയയുടെ വിശ്വാസത്തിനു കാതോര്‍ക്കാന്‍ മെസ്സേര തീരുമാനിക്കുന്നു.ക്ലൌടിയയുടെ മകള്‍ ഇപ്പോഴും ജീവിച്ചിരിപ്പുണ്ടോ?അതോ വേറെ ആരെങ്കിലും അവരെ മാനസികമായി തകര്‍ക്കാന്‍ ചെയ്യുന്ന പ്രവര്‍ത്തി ആണോ ഇത്.ശേഷം സ്ക്രീനില്‍ കാണുക.\n\n   വിശ്വാസങ്ങളും മനുഷ്യന്‍ തന്നെ മുന്നോട്ടു വയ്ക്കുന്ന ചില മതങ്ങളുടെ ആശയങ്ങളും ഇവിടെ പ്രതിപാദിക്കുന്നുണ്ട്. വളരെയധികം താല്‍പ്പര്യം തോന്നിയ ഒരു പ്ലോട്ട് ആയതു കൊണ്ടാണ് സിനിമ കണ്ടത്.സിനിമ മോശവും ആയിരുന്നില്ല.എന്നാല്‍ ക്ലൈമാക്സ് കുറച്ചും കൂടി നന്നാക്കാമായിരുന്നു എന്ന് തോന്നി.പിന്നെ സംഭാഷണങ്ങള്‍ക്ക്  ഉള്ള പരാമര്‍ശങ്ങള്‍ കഥയുടെ അവസാനം പ്രവചിക്കുന്നതായി തോന്നി.പ്രത്യേകിച്ചും വില്ലനെ കുറിച്ച് ഉള്ള സൂചനകള്‍,സന്ദര്‍ഭങ്ങളും സാഹചര്യങ്ങളും പ്രേക്ഷകന് ആ ക്ലൂ ഒക്കെ എളുപ്പം ലഭിക്കാവുന്ന പാകത്തില്‍ ആക്കി.എന്നിരുന്നാലും അവസാന ഒരു അഞ്ചു മിനിറ്റ് ഒഴികെ ചിത്രം മികച്ചു നിന്ന്.അവസാന ഭാഗം മോശം ആണെന്നല്ല.എങ്കില്‍ കൂടിയും കുറച്ചും കൂടി നന്നാക്കിയുരുന്നെങ്കില്‍ എന്ന് തോന്നി.\n\nMore reviews @www.mmovieholicviews.blogspot.com','m','2015-01-06 05:01:05','photo'),(24,'436219139812698_592293630871914','147','No One\'s Child\n\n” This is a story about a boy who rediscovers that he somehow does not fit and not belong. It is a story about  search for identity,it is as much personal as it is a very universal theme of modern man”. This is the quote by the director of this movie, Vuk Rsumovic. Yes , he is right, the theme discussed by the Serbian movie ‘ No one’s child ‘ have universal acceptance.And the movie is based on a real issue happens in 1990s in Bosnian mountains.The movie reflects this incident with genuine beauty .\n\nThe hunters capture a wild boy among wolves deep in the Bosnian mountains. the boy is given the name Haris, and sent to an orphanage in Belgrade.The caretaker like,takes special care of the boy ,who becomes inseparable with  Zika , another boy from the orphanage .But Zika has to leave and Haris is once more left alone. As he waits for Zika ,Haris utters his first word ( particular scene is impressive). Soon enough,he starts to go to school and becomes a fairly young man. It’s 1992  and the war in Bosnia is raging and Haris is directed to return. Ilka try too hide him. But eventually ,police finds him and sent back to Bosnia.As soon as he arrives ,Haris is given a rifle and sent to the frontline.   But , for the first time in his life , he makes a decision on is own…..\n\nThe movie is a thrilling and unforgettable visual and aural experience for me. Excellent treatment and impressive theme.  Performance by Denis Muric ( Haris ) is great and some scenes like : suicide of Zika , the first word by Haris, Haris dancing in rain ,are superbly visualized.  The love affair of Zika is not a need for this movie, but can’t consider it as a negative point.\n\n‘No One’s Child’ won may awards like : Venice IFF -RaroVideo Audience Award , FIPRESCI Award for Best Film and FEDEORA Award for Best Script and  Best Film Critics Week from Cario Film Festival . It also screened in well known film festivals like : Zagreb Film Festival, Abu Dhabi Film Festival , Leads IFF and International Film Festival of Kerala. A good movie.Both film students and those who want to watch good movies can watch the film.\n\n \n\nRating: 9/10\n\nFor more reviews visit : kirankravindran. WordPress.com','e','2015-01-05 13:11:03','photo'),(25,'436219139812698_591432724291338','73','\"Catch Me if You Can (2002)\"\n\nThis will be the best con movie I have ever seen. And will be the first of its kind movie that has a justification  for being what it is than to end like many with gimmicks of entertainment value alone. Hanks and Caprio really shined in their roles. It is interesting to see what the real Abagnale told about himself while the film was in limelight: \"Even though I didn\'t see my dad again, every night after living a brilliant day and meeting many women, and making much money, I\'d come back alone to a hotel room and I would just think of my mom and dad and fantasize about getting them back together again, and cry. It\'s the justification of a fantasy.\"*Directed by Steven Spielberg.\n\nhttp://www.rottentomatoes.com/mobile/m/catch_me_if_you_can/\nRating: 96%','e','2015-01-04 07:01:03','photo'),(26,'436219139812698_590810711020206','28','Rubert Wyatt സംവിധാനം നിർവഹിച്ചു 2011 ഇൽ പുറത്തിറങ്ങിയ അമേരിക്കൻ സയൻസ് ഫിക്ഷൻ മൂവി ആണ് Rise of the Planet of the Apes .\nസീസർ എന്ന ചിംബാന്സിയുടെ ജീവിതമാണ് കഥയുടെ ഇതിവൃത്തം\nഈ സിനിമ കാണാത്തതായി ഒരു പക്ഷെ ആരും തന്നെ ഉണ്ടാകില്ല, എന്നാലും കാണാത്തവർക്കായി......\nലോക സിനിമയിൽ ആദ്യമായിട്ടായിരിക്കും ഒരു ചിമ്പാൻസി നായകനായി ഒരു ആക്ഷൻ മൂവി ഇറങ്ങുന്നത് , കഥ ഞാൻ പറയുന്നില്ല.\nഇന്ത്യൻ സിനിമകളിൽ ഉപയോഗിച്ച് വരുന്ന \"മാസ്\" എന്ന പടം ഉപയോഗിച്ച് പറഞ്ഞാൽ ഒരു മാസ് ഫിലിം.  Dont Miss It!','m','2015-01-03 04:46:00','photo'),(27,'436219139812698_591627610938516','1','266.POKER NIGHT(ENGLISH,2014),|Thriller|Mystery|Crime|,Dir:-Greg Francis,*ing:-Beau Mirchoff, Ron Perlman, Giancarlo Esposito\n\n POKER NIGHT ന്‍റെ സിനോപ്സിസ് വായിച്ചു ഇഷ്ടപ്പെട്ടതിന് ശേഷം ആണ് കാണാന്‍ ആരംഭിച്ചത്.മോശമായ റേറ്റിംഗുകളുടെ  ഒപ്പം  ചിത്രം മികച്ചതാണ് എന്നുള്ള അഭിപ്രായങ്ങളും കണ്ടിരുന്നു.VDO(Video On Demand) ലൂടെ ഇറങ്ങിയ ഈ ചിത്രം കുറച്ചു തിയറ്ററുകളിലും പ്രദര്‍ശിപ്പിച്ചിരുന്നു.ഇനി സിനിമയെക്കുറിച്ച് എനിക്ക് എന്ത് തോന്നുന്നു എന്ന് പറയാം.\n\n  വളരെയധികം താല്‍പ്പര്യം തോന്നിയ ഒരു പ്ലോട്ട് ആണ് ചിത്രത്തിന് ഉള്ളത്.നോണ്‍ ലീനിയര്‍ ആഖ്യാന ശൈലി ആണ് ചിത്രത്തില്‍ ഉപയോഗിച്ചിട്ടുള്ളത്.സമാന്തരമായി കാണിക്കുന്ന മൂന്നു സന്ദര്‍ഭങ്ങള്‍.സ്റ്റാന്‍ ജീറ്റര്‍ എന്ന യുവ ഡിറ്റക്ടീവ് താന്‍ വിജയിച്ച ആദ്യ കേസിനെക്കുറിച്ച് ഉള്ളത് ഒന്ന്.പിന്നെ ഉള്ളത് സ്റ്റാന്‍ പങ്കെടുത്ത പോക്കര്‍ ഗെയിമിനെക്കുറിച്ച്.അന്ന് രാത്രി ആ മുറിയില്‍ നടന്നത് സ്റ്റാനിന്റെ മികവു കണ്ടെത്താനായി നടത്തുന്ന ഒരു പരീക്ഷണം ആയിരുന്നു.അത് നടത്തുന്നത് പോലീസിലെ തന്നെ ഏറ്റവും മിടുക്കരും സീനിയറും ആയ ഉദ്യോഗസ്ഥരും.അവരുടെ അനുഭവ പരിജ്ഞാനം ഒരു കളിയില്‍ എന്നത് പോലെ അവര്‍ സ്റ്റാനിനെ പഠിപ്പിക്കുന്നു.മൂന്നു കേസുകള്‍,എളുപ്പം എന്ന് തോന്നും എങ്കിലും അവര്‍ പോയ വഴികള്‍ ,അവരുടെ അനുഭവങ്ങള്‍.സ്റ്റാന്‍  ആ സന്ദര്‍ഭത്തില്‍ എത്തിയാല്‍ എന്തൊക്കെ ശ്രദ്ധിക്കണം എന്ന് പറഞ്ഞു കൊടുക്കുന്നു. .മൂന്നാമതായി സ്റ്റാന്‍ അകപ്പെട്ടിരിക്കുന്ന ഒരു വലിയ അപകടത്തെ കുറിച്ചും.ഈ മൂന്നു സംഭവങ്ങളും സ്റ്റാനിന്റെ മുന്നോട്ടു ഉള്ള ജീവിതത്തില്‍ നിര്‍ണായകം ആയി മാറുന്നു.കൂടുതല്‍ അറിയാന്‍ ചിത്രം കാണുക.\n\n   എനിക്ക് വളരെ നല്ലൊരു ത്രില്ലര്‍ ചിത്രം ആയി തന്നെ ഈ സിനിമ തോന്നി.പ്രത്യേകിച്ചും സ്കോട്ട് ഗ്ലാസ്ഗോയുടെ പശ്ചാത്തല സംഗീതം ഓരോ സീനിനും യോജിച്ചതായിരുന്നു.\n\n   \"If you really want to kill people,and you really want to get with it,then you do need to do a little research.Now where do you go to learn sick things like that?The Discovery channel off course.They have a whole channel devoted to murder.It was liking watching TV to get a PhD. in murder.And the Internet,a World of debauchery right at your finger tips.Everything you ever wanted to know about anything,sick and twisted.\"\n  \n  പലപ്പോഴും എനിക്കും ഇങ്ങനെ തോന്നിയിട്ടുണ്ട് ഇതൊക്കെ.അത്രയ്ക്കും ഭാവനയാണ് പലപ്പോഴും വായിച്ചും കണ്ടും പോകുന്ന പല കൊലപാതകങ്ങളിലും ഉള്ളത്.ഒരു പക്ഷേ സിനിമ അവതരിപ്പിച്ച രീതി പലര്‍ക്കും ഇഷ്ടം ആയി കാണില്ല എന്ന് കരുതുന്നു.എന്നാല്‍ വ്യക്തിപരമായി ഈ ചിത്രം എനിക്ക് ഇഷ്ടപ്പെട്ടു.\n\nMore reviews @www.movieholicviews.blogspot.com','m','2015-01-04 13:34:05','photo'),(28,'436219139812698_590345527733391','33','FILM : HUNTING SEASON (2010)\nGENRE : CRIME – MYSTERY\nCOUNTRY : TURKEY\nDIRECTOR : YAVUZ TURGUL\n    ചടുലതയാർന്ന നീക്കങ്ങളിലൂടെയും, നിമിഷങ്ങളിലൂടേയും നമ്മെ ആവേശഭരിതരാക്കിയാണ് മിക്ക ഇൻവെസ്റ്റിഗേറ്റീവ് സിനിമകളും അവതരിപ്പിക്കാറുള്ളത്‌. എന്നാൽ സാവധാനത്തിൽ,  ആകാംഷ ചോർത്തിക്കളയാതെ കേസിന്റെ അപഗ്രഥനത്തെ  അളന്നെടുക്കാവുന്ന CRIME-MYSTERY- യാകുന്നു HUNTING SEASON.\n\n               നിശബ്ദമാർന്ന കാട്ടരുവിയിൽ ഒറ്റപ്പെട്ടു കിടക്കുന്ന 16 വയസ്സുകാരിയുടെ മുറിച്ചു മാറ്റപ്പെട്ട  \"കൈയ്യിൽ\" നിന്നുമാണ് സിനിമ തുടങ്ങുന്നത്. ഇരയിലേയ്ക്കും, കൊലപാതകിയിലേയ്ക്കും , കാരണങ്ങളിലെയ്ക്കും വെളിച്ചമേകി മൂന്ന് കുറ്റാന്വേഷകർക്കൊപ്പം അവർ നടക്കുന്ന പാതകളിലൂടെ നമ്മളും സഞ്ചരിക്കുന്നു. ഈ അന്വേഷണത്തോടൊപ്പം , ഇവരുടെ വ്യക്തിജീവിതങ്ങളും സിനിമയുടെ ഫ്രൈമുകളിൽ ഇടം കണ്ടെത്തുന്നു. ഔദ്യോഗിക ജീവിതത്തിന്റെ അവസാന താളുകൾ രചിച്ചു കൊണ്ടിരിക്കുന്ന \"ഫെർമാൻ\", സ്വയം നിയന്ത്രിക്കാനാവാത്ത \"ഇദ്രിസ്\" , ഗവേഷണ വിദ്യാർഥിയായ \"ഹസൻ\" എന്നീ മൂവർ സംഘത്തിന്റെ ജീവിതത്തെ  ഈ കേസ് എങ്ങനെ സ്വാധീനിക്കുന്നു എന്നതും സിനിമയുടെ ഉള്ളടക്കമാവുന്നു. \n\n             രണ്ടര മണിക്കൂർ നീളുന്ന ഈ സിനിമ പലയിടങ്ങളിലും INVESTIGATIVE സിനിമകളിലെ സ്ഥിരം ക്ലീഷേകൾക്ക് വേദിയാവുന്നുണ്ട് എന്നതും, സംഭാഷണങ്ങളുടെ ആധിക്യവും ഒരു പക്ഷെ കടുത്ത ത്രില്ലർ സ്നേഹികൾക്ക് മടുപ്പുളവാക്കിയേക്കാം. എങ്കിലും ഒരു സസ്പെൻസ്  സിനിമയിലുടനീളം നിലനിർത്തുവാൻ സംവിധായകന് കഴിഞ്ഞിട്ടുണ്ട്. സിനെമാടോഗ്രഫി  പ്രമേയത്തോട് നീതി പുലർത്തുന്ന ദൃശ്യചാരുതയോടെ മികച്ചു നിൽക്കുന്നു. പ്രവചനീയമായ ക്ലൈമാക്സ് എന്ന് പറയാമെങ്കിലും , ചുരുളഴിക്കലിന്റെ  അപാരതയില്ലാതെ, വിശ്വസനീയമായ ചില കഥാപാത്രങ്ങളിലൂടെ ലളിതമായി അന്വേഷണ വഴികളെ പകർന്ന ഈ സിനിമ ഒരു കാഴ്ച അർഹിക്കുന്നു എന്ന് നിസ്സംശയം പറയാം.\n\n                അന്വേഷകനും, കൊലപാതകിയും വേട്ടക്കാരന്റെ ധൈഷണികതയുടെ ഉടമകളാവുമ്പോൾ വാക്കുകളും, നോട്ടങ്ങളും, കാഴ്ചകളും കെണികളാകുന്നു. അത് തന്നെയാണ് എല്ലാ പോരായ്മകൾക്കിടയിലും ഈ സിനിമ ആസ്വാദ്യകരമാകുന്നതും .......  \nmore @ www.entecinemavayanakal.blogspot.com','m','2015-01-02 16:23:04','photo'),(29,'436219139812698_591398504294760','163','2. Tucker And Dale vs Evil \n\nവ്രോംഗ്‌ ടേണ്‍ സീരിസ്‌ പോലത്തെ ചിത്രങ്ങളില്‍ നമ്മള്‍ കണ്ടിട്ടുണ്ട്‌ ആള്‍ക്കാരെ പച്ചക്ക്‌ വെട്ടി കൊല്ലുന്ന നരഭോജികളെ .. കണ്ടിരിക്കുന്ന നമ്മള്‍ തന്നെ വെറുത്ത്‌ പോകുന്ന ക്രൂരതകള്‍ \n\nTucker and dale vs evil എന്ന ഈ ചിത്രം അതില്‍ നിന്നുമൊക്കെ വളരെ വ്യത്യസ്‌മാണ്‌\n\nഇവിടെയും ഉണ്ട്‌ രക്തചൊരിച്ചിലൊക്കെ പക്ഷേ ഒരു ചെറു ചിരിയൊടെ മാത്രമെ നമ്മുക്കത്‌ കാണാന്‍ സാധിക്കുകയുള്ളു\n\nതെറ്റിദ്ധാരണയാണ്‌ ഈ ചിത്രം മൊത്തം ... രസകരമായി ണ്ടിരിക്കാവുന്ന ഒരു ചിത്രം','m','2015-01-04 04:31:05','photo'),(30,'436219139812698_591020690999208','89','THE CHASER (2008)\nKOREA\n\nവീണ്ടും ഒരു കൊറിയന്‍ ചിത്രം, കൊറിയന്‍ ത്രില്ലറുകള്‍ ഒരു ലഹരിയാണ്, ഒന്ന് കണ്ടു കയിഞ്ഞാല്‍ പിന്നടുത്തത് എന്ന തോതില്‍, ചെയിന്‍ സ്മോകര്‍ എന്ന് പറയുന്ന പോലെ ചെയിന്‍ കൊറിയന്‍ ത്രില്ലര്‍ അടിക്റ്റ് ഓരോ സിനിമയും പ്രേക്ഷകനെ പിടിച്ചിരുത്തുന്ന അവതരണം.\n\nഒരു മുന്‍ പോലീസ് ഉദ്ദ്യോഗസ്ഥന്‍ വേശ്യകളെ ആവശ്യക്കാര്‍ക്ക് എത്തിച്ചു കൊടുക്കുന്ന ആളാണ്‌. തന്‍റെ ഓഫിസിലേക്ക് ആവശ്യക്കാരില്‍ ഒരാള്‍ക് വേണ്ടി അയച്ച മൂന്ന് പെണ്‍കുട്ടികളെ കാണാതാവുന്നു. തെരുവില്‍ വെച്ച് പ്രതിയെ പിന്തുടന്നു പിടിക്കുകയും ശേഷം രണ്ടു പേരെയും പോലിസ് അറസ്റ്റു ചെയ്യുന്നു.\n\nതാന്‍ പന്ത്രണ്ട് പേരെ കൊന്നു എന്ന് പോലിസില്‍ മൊഴി കൊടുക്കുകയും ചെയ്യുന്നു, പക്ഷെ തെളിവിന്‍റെ അഭാവത്തില്‍ പ്രതിയെ വിട്ടയക്കേണ്ടി വരുന്നു. പ്രതിയെ വിട്ടയച്ചു പോലീസ് അയാളെ തന്നെ പിന്തുടര്‍ന്ന് കൊണ്ടിരിന്നു. ഇതില്‍ തൃപ്തി വരാത്ത മുന്‍ പോലീസ് ഉദ്ദ്യോഗസ്ഥന്‍ സമാന്തരമായ ഒരന്വേഷണം ആ ദിവസം തന്നെ നടത്തുകയും അവസാനം പ്രതിയില്‍ തന്നെ എത്തിച്ചേരുകയും ചെയ്യുന്നു.\n\nപ്രതിയെ ആദ്യം തന്നെ കാണിക്കുന്നുണ്ടെങ്കിലും, ചിത്രത്തിന്‍റെ സസ്പന്‍സ് നില നിര്‍ത്തിയിരിക്കുന്നു, നായകന്‍റെ അന്വേഷണത്തില്‍ നമ്മളും തനിയെ പങ്കു ചേരുന്ന തരത്തിലുള്ള മികച്ച അവതരണമാണീ സിനിമയുടെ പ്രത്യേകത. കൂട്ടിനു അഭിനേതാക്കളുടെ മികച്ച പ്രകടനവും.\nആസിഫ് കെവി കോട്ട\n7.8/10','m','2015-01-03 16:34:04','photo'),(31,'436219139812698_590888964345714','28','# Bhag Milkha Bhag\n\nഇതിനു മുൻപ് ഈ ചിത്രത്തെ കുറിച്ച് ആരെങ്കിലും പറഞ്ഞിട്ടുണ്ടോ എന്ന് അറിയില്ല....\nRakesh Omprakash Mehra  യുടെ സംവിധാനത്തിൽ ഫർഹാൻ അക്തർ മുഖ്യ കഥാപാത്രത്തെ അവതരിപ്പിച്ചു 2013 ഇൽ റിലീസ് ആയി വൻവിജയമായിതീർന്ന ഈ സിനിമയിൽ സോനം കപൂര് ആണ് നായിക വേഷത്തിൽ എത്തിയത് ....\nകഴിഞ്ഞ ദിവസം ആണ് ഈ സിനിമ കാണാൻ ഇടയായത്, എന്റെ അഭിപ്രായത്തിൽ  \"Wonderful Cinema \"  ഒന്നും പറയാനില്ല. അന്താരാഷ്ട്ര നിലവാരമുള്ള ഒരു ഇന്ത്യൻ സിനിമ. തിരക്കഥയും സംവിധാനവും പിന്നെ ഫർഹാനും മികച്ചു നിന്നു. തീര്ച്ചയായും കണ്ടിരിക്കേണ്ട ചിത്രം.','m','2015-01-03 10:35:04','photo'),(32,'436219139812698_591028667665077','112','Tangerines (2013) \"Mandariinid\"\n“രണ്ടും രണ്ടും അഞ്ചാണെന്ന് അവര്‍ പറയും; അവസാനം നീയത് അനുസരികേണ്ടി വരും ...” എന്തിനോ വേണ്ടി ചെയുന്ന യുദ്ധങ്ങളും അതുപോലെയാണ് ..\n\nരണ്ടു എതിര്‍ സന്യത്തിലെ പട്ടാളക്കാര്‍, തര്‍ക്ക ഭൂമിയില്‍ ഉള്ള ഒരു വയസന്റെ വീട്ടില്‍ വന്നു അഭയം പ്രാപിക്കുന്നു .. തമ്മില്‍ അങ്ങോട്ടുമിങ്ങോട്ടും കൊല്ലാന്‍ നിന്ന രണ്ടു പേരെയും ഇരു കൈ നീട്ടി സ്വീകരിക്കുകയും പരിചരിക്കുകയും ചെയുന്ന വയസനും കൂടെ തന്‍റെ ഉറ്റ സുഹുര്‍ത്തും .. ഒരു വീടിനകത്ത് നടക്കുന്ന ഇ ശീത യുദ്ധവും അതിലൂടെ കാഴ്ചപാടുകളുടെ വെതിചലനങ്ങളും മാറി മറയുന്നത് ഒരു വയസന്റെ കണ്ണിലൂടെ അവതരിപ്പിച്ചിരിക്കുന്ന അതിമനോഹരമായ സിനിമയാണ്‌ Tangerines...\n\nGeorgia എന്ന രാജ്യത്തില്‍ നിന്നും സ്വാത്രന്ത്യം നേടാനായി ശ്രമിക്കുന്ന Abkhazia എന്ന സ്റ്റേറ്റ്.. യുദ്ധം നടക്കുന്ന തര്‍ക്ക ഭൂമിയില്‍ ഇപ്പൊ രണ്ടു വയസന്മാര് മാത്രം.. Tangerines (നമ്മടെ ഓറഞ്ച്) വിറ്റു കിട്ടുന്ന കാശ് കൊണ്ട് Estonians എന്ന സുരക്ഷിതമായ സ്ഥലതോട്ടു മാറാനായി പ്രതീക്ഷയോടെ നില്‍ക്കുകയാണ് ഇവര്‍ .. അവരുടെ ഇടയിലേക്കാണ് അന്യോന്യം കൊല്ലാന്‍ നില്‍ക്കുന്ന രണ്ടു പേര്‍ എത്തിപെടുന്നത്.. Tangerines അവരുടെ പ്രതീക്ഷയാണ് .. സ്വസ്ഥതയിലോട്ടും മരണമില്ലായ്മയിലോട്ടുമുള്ള ഒരിക്കലും അവസാനിക്കാത്ത പ്രതീക്ഷ ..\n\nഅടിസ്ഥാനപരമായി ഇവിടെ കഥയും അതിന്‍റെ ചുറ്റുപാടും അത്യാകര്‍ഷകമാണ്.. യുദ്ധം സാധാരണകാരനെ എങ്ങനെ ബാധിക്കുന്നു എന്നത് ഒരു യുദ്ധ വിരുദ്ധ സിനിമയിലൂടെ, Zaza Urushadze, സംവിധായകന്‍ എഴുതി സംവിധാനം ചെയ്ത Tangerines എന്ന വെറും 87 മിനുട്ട് ധര്‍ക്യമുള്ള Estonian-Georgian സിനിമയിലൂടെ ഓര്‍മപെടുതുന്നു.. സിനിമയിലെ ആദ്യവസാനം തുടരുന്ന ഒരു “hook” മുസിക് ഉണ്ട്.. പശ്ചാത്തലത്തിലുള്ള വേദനയുടെ നെടുവീര്‍പ്പാണ് ആ സംഗീതം .. സിനിമയില്‍ പറയാതെ പറയുന്ന ഇ രണ്ടു എതിര്‍ വിഭാഗങ്ങളിലെ രാഷ്ട്രിയ സാമൂഹ്യ നിലപാടുകളും, അവരവരുടെ ജീവിത രീതികളും, ഇ രണ്ട് പ്രതിനിധികളിലൂടെയും, ചെറിയ തമാശകളിലൂടെയും അവതരിപ്പിച്ചിരിക്കുന്നു ഇവിടെ.. വലിയ വേദനകള്‍ സഹിഷ്ണമാണ്.. പക്ഷെ ചെറിയ വേദനകള്‍ വേറെ ഇടങ്ങള്‍ തേടാതെ മനസ്സില്‍ തങ്ങി നില്‍ക്കും .. അങ്ങനെ ഒരു പൊടി വേദന സമ്മാനിച്ചാണ് സിനിമ അവസാനിക്കുനത് ..\n\nTangerines ഇ വര്‍ഷത്തെ ഓസ്കാര്‍ വിദേശ ഭാഷ വിഭാഗത്തിലെ അവസാന പട്ടികയില്‍ ഇടം നേടുക ഉണ്ടായി.. കണ്ടു തുടങ്ങിയാല്‍ ഒരിക്കലും മടുപ്പ് തോനാത്ത അതി മനോരമായ സിനിമയാണിത്..','m','2015-01-03 16:57:04','photo'),(33,'436219139812698_590869467680997','28','Dirty Pretty Things എന്ന ഒരു സിനിമയെ കുറിച്ച് കേൾക്കാനിടയായി , കണ്ടവരുണ്ടോ ?? എങ്ങനുണ്ട് ??','m','2015-01-03 09:20:00','photo'),(34,'436219139812698_590291104405500','18','',NULL,'2015-01-02 13:37:00','status'),(35,'436219139812698_589303057837638','163','1 ഗോണ്‍ ഗേള്‍\nനിക്കും അമേസിംഗ്‌ ആമിയും പ്രണയിച്ച്‌ വിവാഹം കഴിച്ചവരാണ്‌\nആദ്യമൊക്കെ അവരുടെ ദാമ്പത്യ ജീവിതം കുഴപ്പമില്ലാതെ പോകാന്‍ തുടങ്ങി. പക്ഷേ പതിയെ പതിയെ അവരുടെ ദാമ്പത്യ ജീവിതത്തില്‍ വിള്ളല്‍ വീഴാന്‍ തുടങ്ങി \n\nഅങ്ങനെ ഒരൂ ദിവസം ആമിയെ കാണാതാവുന്നു\n\nആമീക്കായി ഉള്ള തിരച്ചില്‍ അവർ പല രിതിയില്‍ നടത്തുന്നു\n\nആ ഇടക്കു തന്നെ ആമിയൂടെ തിരോധാനത്തിഌ പിന്നില്‍ നിക്ക്‌ ബന്ധപ്പെട്ടിട്ടുണ്ട്‌ എന്നതിന്‌ ഉള്ള തെളിവുകള്‍ പോലീസിഌ ലഭിക്കുന്നു\n\nപക്ഷേ താന്‍ ഒന്നും ചെയ്‌തിട്ടില്ല എന്ന്‌ നിക്ക്‌ ആണയിട്ട്‌ പറയുന്നുണ്ട്‌\n\nസമൂഹം മുഴുവന്‍ അയാള്‍ക്ക്‌ എതിരാകുന്നു\n\nഎന്താണ്‌ സംഭവിച്ചത്‌.. അവളൂടെ തിരോധാനത്തിഌ പിന്നില്‍ നിക്ക്‌ തന്നെയാണോ .. അതൊ മറ്റാരെങ്കിലൂമാണോ \n\nക്ലൈമാക്‌സ്‌ ചിലപ്പോ പലർക്കും ഉള്‍ക്കൊള്ളാന്‍ കഴിഞ്ഞെന്നു വരില്ല\n\nA slow pace mystery thriller by david fincher','m','2015-01-01 04:34:01','photo'),(36,'436219139812698_590346071066670','161','film-STATIONS OF THE CROSS                                                                        dir- Dietrich bruggeman                                                                                                a beautiful 14 shots german drama film.this film about dangers of religious extremism.','e','2015-01-02 16:25:05','status'),(37,'436219139812698_590324704402140','46','#Alif\nDirection nd Screenplay:N.K.Muhammed\nKoya\n മലയാളം കാത്തിരിക്കുന്ന സിനിമ\nഎന്നു വേണമെങ്കില്\nഇതിനെ വിളിക്കാം.\nചങ്കൂറ്റമുള്ള സിനിമ !!\nഅലിഫ് ഒരു ചോദ്യം\nചെയ്യലാണ്...\nമത-സാമുദായിക അനാചാരങ്ങൾക്കെത\nിരെയും പുരുഷാധിപത്യ\nയുക്തികൾക്കെതിര\nെയും ധീരമായി പ്രതികരിക്കുന്ന\nചിത്രമാണു ആലിഫ്..\nമതത്തിന്റെ പേരിൽ നടക്കുന്ന\nഅനാചാരങ്ങളെയും പുരുഷധിപത്യ\nശീലങ്ഗളെയും രൂക്ഷമായി വിമർഷിക്കുന്ന\nചിത്രം...\nഅപ്രിയ യാഥാര്ത്ഥ്യങ്ങള്ക്കു\nനേരേ കരുത്തോടെ ക്യാമറ\nതിരിച്ചുവച്ച\nകാഴ്ചാനുഭവം.\nചിരിക്കാനും കരയാനും ചിന്തിക്കാനും വിനോദിക്കാനും ഓര്ക്കാനും മറക്കാനും യോജിക്കാനും വിയോജിക്കാനും ബഹുസ്വരതയുടെ സകല\nവാതിലുകളും തുറന്നിടുന്ന ഹൃദ്യമായ\nസിനിമയാണ് എന്.കെ.മുഹമ്മദ്കോയ\nസംവിധാനം ചെയ്ത അലിഫ്. ഏതു\nമതത്തിലും സ്ത്രീ അനുഭവിക്കുന്ന\nപരാധീനതകള്ക്കും അവള്\nകുടിച്ചുവറ്റിക്കുന്ന\nകണ്ണീരിനും ഒരേ ഉപ്പാണെന്നു\nഈചിത്രം ഓര്മ്മിപ്പിക്കുന\n\'Alif states the empowerment of\nwomen\'.\n#iffk','m','2015-01-02 15:21:00','photo'),(38,'436219139812698_589765951124682','112','Paweł Pawlikowski എന്ന പോളണ്ട് സംവിതായകന്റെ കൈയ്യില്‍ വെള്ളയും കറുപ്പും നിറമുള്ള രണ്ടു പെയ്ന്റും ഒരു “നിശ്ചലമായ” square കാന്‍വാസും കൊടുത്താല്‍, അദ്ദേഹം അതിമനോഹരമായ ഒരിക്കലും മറക്കാനാവാത്ത ഒരു ബ്ലാക്ക്‌ & വൈറ്റ് ചിത്രം വരയ്ക്കും ...അതാണ്‌ IDA  :)\n\nIda ഒരു “ചെറുപ്പകാരിയായ കന്യാസ്ത്രീയാണ്”.. അത്രേ ഉള്ളു ഇതിന്റെ കഥ ;)\n \n**കഥയെപറ്റി കൂടുതല്‍ ഒന്നും അറിയണ്ട എന്നുള്ളവര്‍ അടുത്ത ഖന്ടിക ഒഴിവാക്കി ബാക്കി വായിക്കുക**\n\nകന്യാസ്ത്രീ ആവുന്നതിനുള്ള പ്രതിക്ഞ്ഞ എടുക്കുനതിനു മുന്‍പ്, തന്‍റെ ഭന്തുവായ സ്ത്രീയെ പോയി കാണുവാനും, അവിടെ കുറച്ച് ദിവസം താമിസിക്കുവാനും കന്യാമാടാതിപ അന്നയോടു ആവശ്യപെടുന്നു.. അതുപ്രകാരം തന്‍റെ പരിചയക്കാരിയായ Wanda എന്ന സ്ത്രീയുടെ വീട്ടില്‍ എത്തുകയും, തന്‍റെ പൂര്‍വകാലത്തെ പറ്റി അറിയുവാന്‍ ചെറുതിലെ അനാഥയായ അന്ന ശ്രമിക്കുന്നു.. അവിടെ വെച്ച് തന്‍റെ പേര് അന്ന എന്നല്ലെന്നും Ida എന്നാണെന്നും, താനൊരു ജൂത പെണ്‍കുട്ടിയാണെന്നും, കൂടാതെ, തന്‍റെ മാതാപിതാക്കള്‍ മരിച്ചു പോയെന്നും അവള്‍ തിരിച്ചറിയുന്നു..  അങ്ങനെ Ida.യും Wanda.യും കൂടി അവരവരുടേതായ കാര്യകാരണങ്ങള്‍ക്ക്‌ വേണ്ടി യാത്ര തുടങ്ങുകയാണ്.. ഇ യാത്രയില്‍ പലരും ഇവരുടെ ജീവിതത്തിലേക്ക് കയറി വരുകയും അത് എങ്ങനെ മുന്ബോട്ടു ഉള്ള രണ്ടു പേരുടെയും ജീവിതയാത്രയില്‍ സ്വാധീനം ചെലുത്തുന്നു എന്നതാണ് Ida എന്ന “ചെറിയ” സിനിമയുടെ കഥ..\n\n \nശെരിക്കും ഇ സിനിമ കണ്ട് അക്ഷരാര്‍ഥത്തില്‍ ഞെട്ടി എന്ന് തന്നെ പറയേണ്ടി വരുന്നു.. സിനിമ തുടങ്ങുന്നത് മുതല്‍ അവസാന നിമിഷം വരെ കണ്‍കുളിര്‍ക്കെ കണ്ടാസ്വധിച്ചു.. എന്ത് ഭംഗിയാണ് ഓരോ സീനും.. “ഒരു” നിമിഷം പോലും അനങ്ങാത്ത ക്യാമറയും.. വെത്യസ്തമായ ക്ലോസ് അപ്പ്‌ ഷോട്ടുകളും.. കഥാപാത്രത്തിനെ സ്ക്രീനിന്‍റെ പകുതിക്ക് നിര്‍ത്തി ബാക്കി കാഴ്ച്ചകാരനെ കൊണ്ട് ചിന്തിപ്പിക്കുനതും ..അതി മനോഹരമായ പശ്ചാത്തല ഭംഗിയും.. നിശ്ചലമായ ഫ്രേമില്‍ ഓരോ കഥാപാത്രങ്ങള്‍ കയറി വന്ന് ഓരോ കഥ പറയുന്നതും .. എത്ര പറഞ്ഞാലും മതിവരാത്ത അത്രയ്ക് “അടിപൊളി” ആയിരുന്നു.. :D\n\nമദ്യപിച്ചു Wanda ഒരു രംഗത്തില്‍ Ida.യോടായി പറയുന്നുണ്ട് “I’m a Slut & you a as pure a Nun” എന്ന്.. ഇ രണ്ടു ദ്രുവത്തില്‍ നില്‍ക്കുന്ന കഥാപാത്രങ്ങളെ  സ്ക്രീനില്‍ അവതരിപ്പിച്ചിരിക്കുനത് Agata Trzebuchowska (Ida), Lebenstein Agata Kulesza(Wanda) എന്നിവരാണ് .. ഒരു കുറവ് പോലും വെയ്ക്കാതെയുള്ള അഭിനയമാണ് രണ്ടു പെരുടെതും.\n\nSpoiler alert (സിനിമ കാണാത്തവര്‍ വായിച്ചാലും കുഴപ്പം ഒന്നുമ്മില്ല ;) )\nസിനിമയുടെ ആദ്യ സീന്‍ മുതല്‍ എല്ലാം ക്യാമറ അനക്കാതെ ഉള്ള സീനുകളാണ്.. ഒരു സീനില്‍ പോലും ക്യാമറ അനങ്ങുന്നില്ല.. അത് മാത്രമല്ല, എല്ലാ സീനും ഭയങ്കര “വൃത്തിയാണ്”.. അതിപ്പോ കാലിതൊഴുത്ത് ആയാല്‍ പോലും വൃത്തിയാക്കി കാണിച്ചിരിക്കുന്നു .. കന്യകാത്വോം നഷ്ടപെട്ടതിന് ശേഷം പുറത്തിറങ്ങുന്നത് വരെ ഇ പതിവ് സംവിതായകന്‍ തുടര്‍ന്നു.. അവസാന രണ്ടു രംഗങ്ങളില്‍ ഇ പറഞ്ഞ വൃത്തിയുമില്ല ക്യാമറയുടെ  വന്യമായ ചലനങ്ങളും ഉണ്ട്.. അത് ശെരിക്കും ആശയപരമായി സംവതിക്കാന്‍ സംവിതായകന്‍ ശ്രമിച്ചതായി തോനി ..pure brilliance ആയിരുന്നു അവസാനത്തെ രണ്ടു രംഗങ്ങള്‍..  (Y)\nഇത്തവണത്തെ ഓസ്കാറിനു മുന്‍പന്തിയില്‍ ഇ സിനിമയും ഉള്‍പെട്ടിട്ടുണ്ട്. ഇ സിനിമ കണ്ടിലെങ്കില്‍ അത് ഒരു നഷ്ടം തന്നെയാണ് എന്ന സ്ഥിരം പല്ലവിക്ക് അനുയോജ്യമായ ഒരു സിനിമ .. Ida watch it with little patience & an open mind. :)','m','2015-01-01 13:20:02','photo'),(39,'436219139812698_590120517755892','73','\"In the Mood for Love (2000)\"\nLove is a very complicated feeling. It is really hard for a person find whether he/she is in love. And it is even more harder to tell the other person that he/she is in love with him/her. After watching this film what I felt is that we should admit and experience love if we suspect something like that comes. Otherwise we will be messing ours and others lives and will be stealing the precious time from their life for nothing. The music and cinematography of the film requires special mention and it can be said shot well. *Directed by Wong Kar-wai.\n\nwww.imdb.com/title/tt0118694/\nRating: 8.1/10','e','2015-01-02 07:31:00','photo'),(40,'436219139812698_589777971123480','1','264.Dr.CABBIE(ENGLISH,2014),|Comedy|Romance|,Dir:-Jean-François Pouliot,*ing:-Vinay Virmani, Adrianne Palicki, Kunal Nayyar.\n\n  കാനഡ എന്ന് എവിടെ കണ്ടാലും ഞാന്‍  ഇപ്പോള്‍ എത്തി നോക്കുന്ന അവസ്ഥയില്‍ നില്‍ക്കുന്ന സമയം ആയതു കൊണ്ടാണ് Dr.Cabbie യുടെ സിനോപ്സിസ് വായിച്ചപ്പോള്‍ തന്നെ സിനിമ  കാണാന്‍ തീരുമാനിച്ചത്.2015 ല്‍ ഞാന്‍ ആദ്യം കാണുന്ന സിനിമ അങ്ങനെ ഇതായി മാറി,വിദേശ രാജ്യങ്ങളിലെ ഭാവിയിലേക്കുള്ള ജീവിതത്തിലേക്ക് നോക്കിയാല്‍ ഇപ്പോള്‍  ഏറ്റവും കൂടുതല്‍ സാധ്യത ഉള്ള രാജ്യം കാനഡ ആണെന്ന് തോന്നുന്നു.കൂടുതലായി ആ രാജ്യത്ത് ഉള്ള വിഭവങ്ങളും കുറഞ്ഞ ജനവാസവും ആണ് അതിനു മുഖ്യ കാരണം.ഈ ഒരു അവസ്ഥയില്‍ ആണ് ഇന്ത്യയില്‍ നിന്നും MBBS,MD എന്നിവ കഴിഞ്ഞ ദീപക് വീര്‍ ചോപ്ര എന്ന യുവാവ് അമ്മയോടൊപ്പം കാനഡയിലേക്ക് കൂടുതല്‍ സൌഭാഗ്യങ്ങള്‍ തേടി എത്തിയത്.\n\n  ദീപക്കിനെയും അമ്മയെയും സ്പോണ്‍സര്‍ ചെയ്തത് ദീപക്കിന്റെ അമ്മയുടെ സഹോദരനും ഇന്ത്യന്‍ ഹോട്ടല്‍ ഉടമയും ആയ വിജയ്‌ ആയിരുന്നു.റാണി എന്ന് പേര് മാറ്റിയ ഒരു വെള്ളക്കാരിയും ആയി വിജയ്‌ അവിടെ ജീവിക്കുന്നു.നല്ല സ്വീകരണം ആയിരുന്നു ദീപക്കിനും അമ്മയ്ക്കും അവിടെ ലഭിച്ചത്.എന്നാല്‍ ജോലി അന്വേഷിച്ചു ഇറങ്ങിയ ദീപക്കിനെ കാത്തിരുന്നത് കര്‍ശനമായ നിയമങ്ങള്‍ ആയിരുന്നു.അത് കൊണ്ട് തന്നെ ഡോക്റ്റര്‍മാര്‍ നല്‍കുന്ന സേവനങ്ങള്‍ കിട്ടാനായി ജനങ്ങള്‍ കാത്തിരിക്കേണ്ട അവസ്ഥ ആണ് അവിടെ ഉണ്ടായിരുന്നത്.അതിനാല്‍ തന്നെ അയാള്‍ക്ക് ഒരു ഡോക്റ്റര്‍ ആയി ജോലി ചെയ്യാന്‍ സാധിക്കുന്നില്ല.തന്‍റെ മരിച്ചു പോയ ഡോക്റ്റര്‍ ആയ പിതാവിന്‍റെ ആഗ്രഹപ്രകാരം ഡോക്റ്റര്‍ ആയ ദീപക്കിന്റെ മാനസികാവസ്ഥയും മാറുന്നു ആ വിഷമത്തില്‍.എന്തെങ്കിലും ജോലി എന്ന നിലയില്‍ ദീപക് അമ്മാവന്റെ ഹോട്ടലില്‍ ജോലിക്കാരന്‍ ആയി കയറുന്നു.എന്നാല്‍ ഹോട്ടലിലെ ജോലിയില്‍ മികവു കാണിക്കാന്‍ ആ ഇന്ത്യന്‍ ഡോക്റ്റര്‍ക്ക്‌ കഴിഞ്ഞില്ല.ആ സമയം ആണ് ഇന്ത്യന്‍ വംശജനും ടാക്സി ഡ്രൈവറും ആയ ടോണിയെ ദീപക് പരിചയപ്പെടുന്നത്.ടോണിയുടെ അഭിപ്രായ പ്രകാരം ദീപക് ഒരു ടാക്സി ഡ്രൈവര്‍ ആകുന്നു.എന്നാല്‍ ഡോക്റ്റര്‍   ടാക്സി ഡ്രൈവര്‍ ആയി മാറിയപ്പോള്‍  ദീപക്കിന്റെ ജീവിതം ഈ ഒരു തീരുമാനത്തിലൂടെ മാറി മറിയുന്നു.ദീപക്കിന് ആഗ്രഹിച്ച ജീവിതം ലഭിക്കുമോ?അതോ ഒരു ടാക്സി ഡ്രൈവര്‍ ആയി അയാള്‍ അവിടെ ജീവിക്കാണ്ടി വരുമോ എന്നുള്ളതാണ് ബാക്കി സിനിമ.\n\n  ഒരു റൊമാന്റിക് ഹിന്ദി/ഇംഗ്ലീഷ് കോമഡി സിനിമയാണ് Dr.Cabbie.ദ്വയാര്‍ത്ഥപ്രയോഗത്തിലെ സാധ്യതകള്‍ ആവശ്യത്തിനു ഈ ചിത്രത്തില്‍ ഉപയോഗിച്ചിട്ടും ഉണ്ട്.ഒരു പക്ഷേ ഒരു ബോളിവുഡ് സിനിമയായി തന്നെ ഇറക്കാമായിരുന്ന കഥയാണ് നായകനായ ദീപക് ചോപ്രയെ അവതരിപ്പിച്ച വിനയ് വിര്‍മാനി എഴുതിയ ഈ കഥയിലും ഉള്ളത്.ഒരു പ്രാവശ്യം വലിയ മുഷിപ്പില്ലാതെ കണ്ടിരിക്കാവുന്ന ചിത്രം ആയി തോന്നി Dr.Cabbie.\n\nMore reviews @www.movieholicviews.blogspot.com','m','2015-01-01 13:54:05','photo'),(41,'436219139812698_589767804457830','18','',NULL,'2015-01-01 13:25:02','status'),(42,'436219139812698_589334667834477','89','THE WAY BACK (2010)\nENGLISH\n\nകയിഞ്ഞ വര്ഷം അവസാനം കണ്ടതും, ഇ വര്‍ഷത്തെ ആദ്യം കണ്ടതുമായ സിനിമ, പുതുവത്സരോഘോഷം ഇ സിനിമ കണ്ടോണ്ടായിരുന്നു .\n\n1939 രണ്ടാം മഹാലോക യുദ്ധം തുടങ്ങുന്ന കാലഘാട്ടത്തിലെ കഥ പറയുന്ന ചിത്രം. അടിച്ചമര്‍ത്തലും, വിപ്ലവങ്ങളും ഒരുപാട് കണ്ട പോളണ്ടില്‍ തുടങ്ങി ഇന്ത്യയില്‍ അവസാനിക്കുന്ന ചിത്രം .\nജര്‍മനിയും റഷ്യയും മുറിച്ചെടുത്ത പോളണ്ടില്‍, റഷ്യയുടെ അധീനതയിലായിരുന്ന സൈബീരിയയിലെ ജയിലിലെ യുദ്ധ തടവുകാര്‍ ജയില്‍ ചാടുന്നതും 4000 മെയിലുകള്‍ കാല്‍നടയായി സഞ്ചരിച്ചു ഇന്ത്യയില്‍ എത്തുന്നതുമാണ് ഇതിവ്ര്തം.\n\nരാഷ്ട്രീയ സിനിമകളില്‍ ഹോളിവുഡ് എപ്പോഴും പയറ്റുന്ന, റഷ്യന്‍, മൂന്നാം ലോക രാജ്യങ്ങളെ കളിയാക്കല്‍ ഇതിലും കാണാം. ലെനിന്‍റെ ചിത്രം പച്ച കുത്തിയ കൂട്ടത്തിലെ ഒരുത്തനെ പരിഹസിക്കുന്നത് തന്നെ നല്ലൊരു ഉദാഹരണം.\nഅഭിനേതാക്കളുടെ മികച്ച പ്രകടനത്താലും, വശ്യ മനോഹരമായ സീനുകളാലും സമ്പന്നമാണ് ഇ സിനിമ.\n\nആസിഫ് കെവി കോട്ട\n7/10','m','2015-01-01 06:34:02','photo'),(43,'436219139812698_589322697835674','65','Time to download and watch these movies. Do watch em.. :-)\n\n www.thecinemaholic.com/best-10-movies-2014/','e','2015-01-01 05:44:01','status'),(44,'436219139812698_589314371169840','65','V for Vendetta is a 2006 American political thriller film directed by James McTeigue and written by the Wachowskis, based on the 1982 Vertigo graphic novel of the same name by Alan Moore and David Lloyd. Hugo Weaving portrays V , an anarchist freedom fighter who attempts to\nignite a revolution against the brutal fascist regime that has subjugated the dystopian United Kingdom and exterminated its opponents in\nconcentration camps. Natalie Portman plays Evey, a working class girl caught up in V\'s mission, and Stephen Rea portrays the detective leading a desperate quest to stop V.\n- source Wiki\n\nPersonally one of my fav movies - 8/10\nVery apt considering the world we live in now.\n\nImdb- 8.3\nRotten tomatoes - 73%\nMetacritic 62%\nMust watch movie. Start the new Year with a positive Inspiration! :-P','e','2015-01-01 05:12:02','photo'),(45,'436219139812698_594286054006005','210','ഓസ്കാർ2015!!!!! \n#Predictions_for_Academy_Awards_2015\nThe 87th Academy Award ceremony is going to be held on 22 February 2015. I here make some predictions on 2015 Oscar Awards only from my personal perspective. Always free to sound your opinions also.\nhttp://list.ly/list/XXe-predictions-for-academy-awards-2015','e','2015-01-10 14:07:02','photo');
/*!40000 ALTER TABLE `post` ENABLE KEYS */;
UNLOCK TABLES;

--
-- Table structure for table `post_description`
--

DROP TABLE IF EXISTS `post_description`;
/*!40101 SET @saved_cs_client     = @@character_set_client */;
/*!40101 SET character_set_client = utf8 */;
CREATE TABLE `post_description` (
  `id` int(11) NOT NULL AUTO_INCREMENT,
  `post_id` int(11) DEFAULT NULL,
  `movie_id` int(11) DEFAULT NULL,
  PRIMARY KEY (`id`)
) ENGINE=InnoDB AUTO_INCREMENT=64 DEFAULT CHARSET=utf8;
/*!40101 SET character_set_client = @saved_cs_client */;

--
-- Dumping data for table `post_description`
--

LOCK TABLES `post_description` WRITE;
/*!40000 ALTER TABLE `post_description` DISABLE KEYS */;
INSERT INTO `post_description` VALUES (1,1,2),(2,2,NULL),(3,3,NULL),(4,4,3),(5,5,4),(6,6,5),(7,7,6),(8,8,7),(9,9,12),(10,10,8),(11,11,9),(12,12,10),(13,13,11),(14,14,13),(15,15,14),(16,16,NULL),(17,17,15),(18,18,16),(19,19,17),(20,20,18),(21,21,19),(22,22,20),(23,23,21),(24,24,22),(25,25,23),(26,26,24),(27,27,25),(28,28,26),(29,29,27),(30,30,28),(31,31,29),(32,32,30),(33,33,31),(34,34,NULL),(35,35,32),(36,36,33),(37,37,34),(38,38,35),(39,39,36),(40,40,37),(41,41,NULL),(42,42,38),(43,43,1000),(44,44,1),(45,45,1000);
/*!40000 ALTER TABLE `post_description` ENABLE KEYS */;
UNLOCK TABLES;
/*!40103 SET TIME_ZONE=@OLD_TIME_ZONE */;

/*!40101 SET SQL_MODE=@OLD_SQL_MODE */;
/*!40014 SET FOREIGN_KEY_CHECKS=@OLD_FOREIGN_KEY_CHECKS */;
/*!40014 SET UNIQUE_CHECKS=@OLD_UNIQUE_CHECKS */;
/*!40101 SET CHARACTER_SET_CLIENT=@OLD_CHARACTER_SET_CLIENT */;
/*!40101 SET CHARACTER_SET_RESULTS=@OLD_CHARACTER_SET_RESULTS */;
/*!40101 SET COLLATION_CONNECTION=@OLD_COLLATION_CONNECTION */;
/*!40111 SET SQL_NOTES=@OLD_SQL_NOTES */;

-- Dump completed on 2015-01-11 13:24:27
